"시점", 선행종합지수(2020=100), 재고순환지표(%p), 경제심리지수, 기계류내수출하지수(선박제외)(2020=100), 건설수주액(실질)(십억원),수출입물가비율(2015=100),코스피(1980.1.4=100), 장단기금리차(%p), 동행종합지수(2020=100), 광공업생산지수(2020=100), 서비스업생산지수(도소매업제외)(2020=100), 건설기성액(실질)(십억원), 소매판매액지수(2020=100), 내수출하지수(2020=100), 수입액(실질)(백만불), 비농림어업취업자수(천명), 후행종합지수(2020=100), 생산자제품재고지수(2020=100), 소비자물가지수변화율(서비스), 소비재수입액(실질)(백만불), 취업자수(천명), CP유통수익률(%p)
"1970.01",3.7,-,-,-,-,-,-,-,3.6,-,-,-,-,-,-,-,3.6,-,-,-,-,-
"1970.02",3.7,-,-,-,-,-,-,-,3.7,-,-,-,-,-,-,-,3.6,-,-,-,-,-
"1970.03",3.8,-,-,-,-,-,-,-,3.8,-,-,-,-,-,-,-,3.8,-,-,-,-,-
"1970.04",3.8,-,-,-,-,-,-,-,3.8,-,-,-,-,-,-,-,3.8,-,-,-,-,-
"1970.05",3.8,-,-,-,-,-,-,-,3.9,-,-,-,-,-,-,-,3.8,-,-,-,-,-
"1970.06",3.8,-,-,-,-,-,-,-,3.9,-,-,-,-,-,-,-,4.0,-,-,-,-,-
"1970.07",3.9,-,-,-,-,-,-,-,4.0,-,-,-,-,-,-,-,4.0,-,-,-,-,-
"1970.08",3.9,-,-,-,-,-,-,-,4.0,-,-,-,-,-,-,-,4.0,-,-,-,-,-
"1970.09",3.9,-,-,-,-,-,-,-,4.0,-,-,-,-,-,-,-,4.1,-,-,-,-,-
"1970.10",4.0,-,-,-,-,-,-,-,4.0,-,-,-,-,-,-,-,4.2,-,-,-,-,-
"1970.11",4.0,-,-,-,-,-,-,-,4.1,-,-,-,-,-,-,-,4.2,-,-,-,-,-
"1970.12",4.0,-,-,-,-,-,-,-,4.1,-,-,-,-,-,-,-,4.2,-,-,-,-,-
"1971.01",4.0,-,-,-,-,-,-,-,4.1,-,-,-,-,-,-,-,4.3,-,-,-,-,-
"1971.02",4.1,-,-,-,-,-,-,-,4.2,-,-,-,-,-,-,-,4.3,-,-,-,-,-
"1971.03",4.1,-,-,-,-,-,-,-,4.2,-,-,-,-,-,-,-,4.3,-,-,-,-,-
"1971.04",4.2,-,-,-,-,-,-,-,4.3,-,-,-,-,-,-,-,4.3,-,-,-,-,-
"1971.05",4.2,-,-,-,-,-,-,-,4.3,-,-,-,-,-,-,-,4.2,-,-,-,-,-
"1971.06",4.2,-,-,-,-,-,-,-,4.4,-,-,-,-,-,-,-,4.3,-,-,-,-,-
"1971.07",4.2,-,-,-,-,-,-,-,4.4,-,-,-,-,-,-,-,4.4,-,-,-,-,-
"1971.08",4.3,-,-,-,-,-,-,-,4.5,-,-,-,-,-,-,-,4.5,-,-,-,-,-
"1971.09",4.3,-,-,-,-,-,-,-,4.4,-,-,-,-,-,-,-,4.5,-,-,-,-,-
"1971.10",4.3,-,-,-,-,-,-,-,4.4,-,-,-,-,-,-,-,4.5,-,-,-,-,-
"1971.11",4.3,-,-,-,-,-,-,-,4.5,-,-,-,-,-,-,-,4.5,-,-,-,-,-
"1971.12",4.3,-,-,-,-,-,-,-,4.5,-,-,-,-,-,-,-,4.6,-,-,-,-,-
"1972.01",4.3,-,-,-,-,-,-,-,4.5,-,-,-,-,-,-,-,4.6,-,-,-,-,-
"1972.02",4.4,-,-,-,-,-,-,-,4.5,-,-,-,-,-,-,-,4.6,-,-,-,-,-
"1972.03",4.4,-,-,-,-,-,-,-,4.5,-,-,-,-,-,-,-,4.6,-,-,-,-,-
"1972.04",4.4,-,-,-,-,-,-,-,4.6,-,-,-,-,-,-,-,4.7,-,-,-,-,-
"1972.05",4.5,-,-,-,-,-,-,-,4.6,-,-,-,-,-,-,-,4.8,-,-,-,-,-
"1972.06",4.6,-,-,-,-,-,-,-,4.7,-,-,-,-,-,-,-,4.7,-,-,-,-,-
"1972.07",4.6,-,-,-,-,-,-,-,4.8,-,-,-,-,-,-,-,4.7,-,-,-,-,-
"1972.08",4.7,-,-,-,-,-,-,-,4.8,-,-,-,-,-,-,-,4.8,-,-,-,-,-
"1972.09",4.8,-,-,-,-,-,-,-,4.9,-,-,-,-,-,-,-,4.8,-,-,-,-,-
"1972.10",5.0,-,-,-,-,-,-,-,5.0,-,-,-,-,-,-,-,4.8,-,-,-,-,-
"1972.11",5.1,-,-,-,-,-,-,-,5.1,-,-,-,-,-,-,-,4.9,-,-,-,-,-
"1972.12",5.2,-,-,-,-,-,-,-,5.2,-,-,-,-,-,-,-,4.9,-,-,-,-,-
"1973.01",5.3,-,-,-,-,-,-,-,5.3,-,-,-,-,-,-,-,4.9,-,-,-,-,-
"1973.02",5.4,-,-,-,-,-,-,-,5.4,-,-,-,-,-,-,-,5.0,-,-,-,-,-
"1973.03",5.6,-,-,-,-,-,-,-,5.4,-,-,-,-,-,-,-,5.0,-,-,-,-,-
"1973.04",5.7,-,-,-,-,-,-,-,5.5,-,-,-,-,-,-,-,5.1,-,-,-,-,-
"1973.05",5.7,-,-,-,-,-,-,-,5.6,-,-,-,-,-,-,-,5.2,-,-,-,-,-
"1973.06",5.7,-,-,-,-,-,-,-,5.7,-,-,-,-,-,-,-,5.1,-,-,-,-,-
"1973.07",5.8,-,-,-,-,-,-,-,5.8,-,-,-,-,-,-,-,5.2,-,-,-,-,-
"1973.08",5.9,-,-,-,-,-,-,-,5.9,-,-,-,-,-,-,-,5.3,-,-,-,-,-
"1973.09",5.9,-,-,-,-,-,-,-,6.0,-,-,-,-,-,-,-,5.4,-,-,-,-,-
"1973.10",5.9,-,-,-,-,-,-,-,6.1,-,-,-,-,-,-,-,5.5,-,-,-,-,-
"1973.11",5.9,-,-,-,-,-,-,-,6.2,-,-,-,-,-,-,-,5.6,-,-,-,-,-
"1973.12",5.9,-,-,-,-,-,-,-,6.3,-,-,-,-,-,-,-,5.6,-,-,-,-,-
"1974.01",5.9,-,-,-,-,-,-,-,6.3,-,-,-,-,-,-,-,5.7,-,-,-,-,-
"1974.02",5.9,-,-,-,-,-,-,-,6.4,-,-,-,-,-,-,-,5.7,-,-,-,-,-
"1974.03",5.8,-,-,-,-,-,-,-,6.5,-,-,-,-,-,-,-,5.7,-,-,-,-,-
"1974.04",5.8,-,-,-,-,-,-,-,6.4,-,-,-,-,-,-,-,5.8,-,-,-,-,-
"1974.05",5.7,-,-,-,-,-,-,-,6.5,-,-,-,-,-,-,-,5.8,-,-,-,-,-
"1974.06",5.7,-,-,-,-,-,-,-,6.6,-,-,-,-,-,-,-,6.0,-,-,-,-,-
"1974.07",5.7,-,-,-,-,-,-,-,6.7,-,-,-,-,-,-,-,6.1,-,-,-,-,-
"1974.08",5.7,-,-,-,-,-,-,-,6.7,-,-,-,-,-,-,-,6.2,-,-,-,-,-
"1974.09",5.7,-,-,-,-,-,-,-,6.7,-,-,-,-,-,-,-,6.2,-,-,-,-,-
"1974.10",5.7,-,-,-,-,-,-,-,6.6,-,-,-,-,-,-,-,6.3,-,-,-,-,-
"1974.11",5.8,-,-,-,-,-,-,-,6.6,-,-,-,-,-,-,-,6.4,-,-,-,-,-
"1974.12",5.9,-,-,-,-,-,-,-,6.7,-,-,-,-,-,-,-,6.4,-,-,-,-,-
"1975.01",5.9,-,-,-,-,-,-,-,6.8,-,-,-,-,-,-,-,6.4,-,-,-,-,-
"1975.02",6.0,-,-,-,-,-,-,-,6.9,-,-,-,-,-,-,-,6.5,-,-,-,-,-
"1975.03",6.0,-,-,-,-,-,-,-,6.9,-,-,-,-,-,-,-,6.5,-,-,-,-,-
"1975.04",6.2,-,-,-,-,-,-,-,7.0,-,-,-,-,-,-,-,6.5,-,-,-,-,-
"1975.05",6.3,-,-,-,-,-,-,-,7.0,-,-,-,-,-,-,-,6.5,-,-,-,-,-
"1975.06",6.4,-,-,-,-,-,-,-,7.1,-,-,-,-,-,-,-,6.5,-,-,-,-,-
"1975.07",6.5,-,-,-,-,-,-,-,7.1,-,-,-,-,-,-,-,6.4,-,-,-,-,-
"1975.08",6.6,-,-,-,-,-,-,-,7.2,-,-,-,-,-,-,-,6.5,-,-,-,-,-
"1975.09",6.6,-,-,-,-,-,-,-,7.3,-,-,-,-,-,-,-,6.5,-,-,-,-,-
"1975.10",6.8,-,-,-,-,-,-,-,7.4,-,-,-,-,-,-,-,6.6,-,-,-,-,-
"1975.11",6.8,-,-,-,-,-,-,-,7.6,-,-,-,-,-,-,-,6.6,-,-,-,-,-
"1975.12",6.9,-,-,-,-,-,-,-,7.7,-,-,-,-,-,-,-,6.7,-,-,-,-,-
"1976.01",7.0,-,-,-,-,-,-,-,7.8,-,-,-,-,-,-,-,6.8,-,-,-,-,-
"1976.02",7.1,-,-,-,-,-,-,-,7.9,-,-,-,-,-,-,-,7.0,-,-,-,-,-
"1976.03",7.2,-,-,-,-,-,-,-,8.0,-,-,-,-,-,-,-,7.1,-,-,-,-,-
"1976.04",7.3,-,-,-,-,-,-,-,8.1,-,-,-,-,-,-,-,7.1,-,-,-,-,-
"1976.05",7.4,-,-,-,-,-,-,-,8.2,-,-,-,-,-,-,-,7.3,-,-,-,-,-
"1976.06",7.4,-,-,-,-,-,-,-,8.4,-,-,-,-,-,-,-,7.3,-,-,-,-,-
"1976.07",7.5,-,-,-,-,-,-,-,8.6,-,-,-,-,-,-,-,7.4,-,-,-,-,-
"1976.08",7.5,-,-,-,-,-,-,-,8.8,-,-,-,-,-,-,-,7.4,-,-,-,-,-
"1976.09",7.6,-,-,-,-,-,-,-,8.9,-,-,-,-,-,-,-,7.4,-,-,-,-,-
"1976.10",7.6,-,-,-,-,-,-,-,8.8,-,-,-,-,-,-,-,7.4,-,-,-,-,-
"1976.11",7.6,-,-,-,-,-,-,-,8.9,-,-,-,-,-,-,-,7.5,-,-,-,-,-
"1976.12",7.7,-,-,-,-,-,-,-,9.0,-,-,-,-,-,-,-,7.6,-,-,-,-,-
"1977.01",7.8,-,-,-,-,-,-,-,9.0,-,-,-,-,-,-,-,7.7,-,-,-,-,-
"1977.02",7.8,-,-,-,-,-,-,-,9.1,-,-,-,-,-,-,-,7.8,-,-,-,-,-
"1977.03",7.8,-,-,-,-,-,-,-,9.2,-,-,-,-,-,-,-,7.9,-,-,-,-,-
"1977.04",7.9,-,-,-,-,-,-,-,9.4,-,-,-,-,-,-,-,8.0,-,-,-,-,-
"1977.05",8.0,-,-,-,-,-,-,-,9.4,-,-,-,-,-,-,-,8.1,-,-,-,-,-
"1977.06",8.1,-,-,-,-,-,-,-,9.6,-,-,-,-,-,-,-,8.1,-,-,-,-,-
"1977.07",8.2,-,-,-,-,-,-,-,9.7,-,-,-,-,-,-,-,8.2,-,-,-,-,-
"1977.08",8.3,-,-,-,-,-,-,-,9.8,-,-,-,-,-,-,-,8.4,-,-,-,-,-
"1977.09",8.4,-,-,-,-,-,-,-,9.9,-,-,-,-,-,-,-,8.4,-,-,-,-,-
"1977.10",8.4,-,-,-,-,-,-,-,10.0,-,-,-,-,-,-,-,8.6,-,-,-,-,-
"1977.11",8.5,-,-,-,-,-,-,-,10.1,-,-,-,-,-,-,-,8.7,-,-,-,-,-
"1977.12",8.6,-,-,-,-,-,-,-,10.3,-,-,-,-,-,-,-,8.8,-,-,-,-,-
"1978.01",8.7,-,-,-,-,-,-,-,10.6,-,-,-,-,-,-,-,8.9,-,-,-,-,-
"1978.02",8.8,-,-,-,-,-,-,-,10.7,-,-,-,-,-,-,-,9.0,-,-,-,-,-
"1978.03",8.9,-,-,-,-,-,-,-,10.8,-,-,-,-,-,-,-,9.0,-,-,-,-,-
"1978.04",9.0,-,-,-,-,-,-,-,10.9,-,-,-,-,-,-,-,9.1,-,-,-,-,-
"1978.05",9.0,-,-,-,-,-,-,-,11.0,-,-,-,-,-,-,-,9.3,-,-,-,-,-
"1978.06",9.0,-,-,-,-,-,-,-,11.1,-,-,-,-,-,-,-,9.3,-,-,-,-,-
"1978.07",9.1,-,-,-,-,-,-,-,11.2,-,-,-,-,-,-,-,9.4,-,-,-,-,-
"1978.08",9.1,-,-,-,-,-,-,-,11.3,-,-,-,-,-,-,-,9.5,-,-,-,-,-
"1978.09",9.2,-,-,-,-,-,-,-,11.5,-,-,-,-,-,-,-,9.7,-,-,-,-,-
"1978.10",9.3,-,-,-,-,-,-,-,11.6,-,-,-,-,-,-,-,9.9,-,-,-,-,-
"1978.11",9.3,-,-,-,-,-,-,-,11.7,-,-,-,-,-,-,-,9.9,-,-,-,-,-
"1978.12",9.3,-,-,-,-,-,-,-,11.8,-,-,-,-,-,-,-,10.1,-,-,-,-,-
"1979.01",9.5,-,-,-,-,-,-,-,12.0,-,-,-,-,-,-,-,10.3,-,-,-,-,-
"1979.02",9.4,-,-,-,-,-,-,-,12.0,-,-,-,-,-,-,-,10.5,-,-,-,-,-
"1979.03",9.4,-,-,-,-,-,-,-,12.1,-,-,-,-,-,-,-,10.6,-,-,-,-,-
"1979.04",9.3,-,-,-,-,-,-,-,12.0,-,-,-,-,-,-,-,10.9,-,-,-,-,-
"1979.05",9.2,-,-,-,-,-,-,-,12.1,-,-,-,-,-,-,-,10.8,-,-,-,-,-
"1979.06",9.2,-,-,-,-,-,-,-,12.0,-,-,-,-,-,-,-,11.0,-,-,-,-,-
"1979.07",9.3,-,-,-,-,-,-,-,12.1,-,-,-,-,-,-,-,11.0,-,-,-,-,-
"1979.08",9.3,-,-,-,-,-,-,-,12.0,-,-,-,-,-,-,-,11.0,-,-,-,-,-
"1979.09",9.3,-,-,-,-,-,-,-,12.0,-,-,-,-,-,-,-,11.1,-,-,-,-,-
"1979.10",9.4,-,-,-,-,-,-,-,12.1,-,-,-,-,-,-,-,11.1,-,-,-,-,-
"1979.11",9.4,-,-,-,-,-,-,-,12.1,-,-,-,-,-,-,-,11.2,-,-,-,-,-
"1979.12",9.4,-,-,-,-,-,-,-,12.1,-,-,-,-,-,-,-,11.3,-,-,-,-,-
"1980.01",9.5,-,-,-,-,-,-,-,12.1,-,-,-,-,-,-,-,11.2,-,-,-,-,-
"1980.02",9.6,-,-,-,-,-,-,-,12.1,-,-,-,-,-,-,-,11.4,-,-,-,-,-
"1980.03",9.7,-,-,-,-,-,-,-,12.0,-,-,-,-,-,-,-,11.5,-,-,-,-,-
"1980.04",9.8,-,-,-,-,-,-,-,12.0,-,-,-,-,-,-,-,11.7,-,-,-,-,-
"1980.05",9.9,-,-,-,-,-,-,-,11.9,-,-,-,-,-,-,-,11.8,-,-,-,-,-
"1980.06",10.0,-,-,-,-,-,-,-,11.9,-,-,-,-,-,-,-,11.9,-,-,-,-,-
"1980.07",10.1,-,-,-,-,-,-,-,11.9,-,-,-,-,-,-,-,12.0,-,-,-,-,-
"1980.08",10.1,-,-,-,-,-,-,-,11.9,-,-,-,-,-,-,-,12.1,-,-,-,-,-
"1980.09",10.2,-,-,-,-,-,-,-,11.9,-,-,-,-,-,-,-,12.1,-,-,-,-,-
"1980.10",10.3,-,-,-,-,-,-,-,12.0,-,-,-,-,-,-,-,12.1,-,-,-,-,-
"1980.11",10.4,-,-,-,-,-,-,-,12.0,-,-,-,-,-,-,-,12.1,-,-,-,-,-
"1980.12",10.5,-,-,-,-,-,-,-,12.1,-,-,-,-,-,-,-,12.2,-,-,-,-,-
"1981.01",10.6,-,-,-,-,-,-,-,12.2,-,-,-,-,-,-,-,12.2,-,-,-,-,-
"1981.02",10.8,-,-,-,-,-,-,-,12.3,-,-,-,-,-,-,-,12.2,-,-,-,-,-
"1981.03",10.9,-,-,-,-,-,-,-,12.5,-,-,-,-,-,-,-,12.2,-,-,-,-,-
"1981.04",11.0,-,-,-,-,-,-,-,12.5,-,-,-,-,-,-,-,12.2,-,-,-,-,-
"1981.05",11.1,-,-,-,-,-,-,-,12.6,-,-,-,-,-,-,-,12.3,-,-,-,-,-
"1981.06",11.2,-,-,-,-,-,-,-,12.7,-,-,-,-,-,-,-,12.3,-,-,-,-,-
"1981.07",11.3,-,-,-,-,-,-,-,12.7,-,-,-,-,-,-,-,12.4,-,-,-,-,-
"1981.08",11.4,-,-,-,-,-,-,-,12.8,-,-,-,-,-,-,-,12.4,-,-,-,-,-
"1981.09",11.4,-,-,-,-,-,-,-,12.8,-,-,-,-,-,-,-,12.5,-,-,-,-,-
"1981.10",11.5,-,-,-,-,-,-,-,12.8,-,-,-,-,-,-,-,12.7,-,-,-,-,-
"1981.11",11.6,-,-,-,-,-,-,-,12.8,-,-,-,-,-,-,-,12.9,-,-,-,-,-
"1981.12",11.6,-,-,-,-,-,-,-,12.9,-,-,-,-,-,-,-,13.0,-,-,-,-,-
"1982.01",11.6,-,-,-,-,-,-,-,12.9,-,-,-,-,-,-,-,13.0,-,-,-,-,-
"1982.02",11.7,-,-,-,-,-,-,-,12.8,-,-,-,-,-,-,-,13.0,-,-,-,-,-
"1982.03",11.8,-,-,-,-,-,-,-,12.8,-,-,-,-,-,-,-,13.1,-,-,-,-,-
"1982.04",11.9,-,-,-,-,-,-,-,12.8,-,-,-,-,-,-,-,13.1,-,-,-,-,-
"1982.05",12.0,-,-,-,-,-,-,-,12.9,-,-,-,-,-,-,-,13.1,-,-,-,-,-
"1982.06",12.0,-,-,-,-,-,-,-,12.9,-,-,-,-,-,-,-,13.2,-,-,-,-,-
"1982.07",12.1,-,-,-,-,-,-,-,13.0,-,-,-,-,-,-,-,13.1,-,-,-,-,-
"1982.08",12.3,-,-,-,-,-,-,-,13.0,-,-,-,-,-,-,-,13.1,-,-,-,-,-
"1982.09",12.4,-,-,-,-,-,-,-,13.2,-,-,-,-,-,-,-,13.1,-,-,-,-,-
"1982.10",12.5,-,-,-,-,-,-,-,13.2,-,-,-,-,-,-,-,13.1,-,-,-,-,-
"1982.11",12.6,-,-,-,-,-,-,-,13.3,-,-,-,-,-,-,-,13.2,-,-,-,-,-
"1982.12",12.7,-,-,-,-,-,-,-,13.4,-,-,-,-,-,-,-,13.3,-,-,-,-,-
"1983.01",12.9,-,-,-,-,-,-,-,13.5,-,-,-,-,-,-,-,13.4,-,-,-,-,-
"1983.02",13.0,-,-,-,-,-,-,-,13.6,-,-,-,-,-,-,-,13.5,-,-,-,-,-
"1983.03",13.1,-,-,-,-,-,-,-,13.6,-,-,-,-,-,-,-,13.6,-,-,-,-,-
"1983.04",13.2,-,-,-,-,-,-,-,13.7,-,-,-,-,-,-,-,13.6,-,-,-,-,-
"1983.05",13.4,-,-,-,-,-,-,-,13.8,-,-,-,-,-,-,-,13.6,-,-,-,-,-
"1983.06",13.5,-,-,-,-,-,-,-,13.9,-,-,-,-,-,-,-,13.7,-,-,-,-,-
"1983.07",13.6,-,-,-,-,-,-,-,14.0,-,-,-,-,-,-,-,13.8,-,-,-,-,-
"1983.08",13.6,-,-,-,-,-,-,-,14.1,-,-,-,-,-,-,-,13.9,-,-,-,-,-
"1983.09",13.7,-,-,-,-,-,-,-,14.2,-,-,-,-,-,-,-,13.9,-,-,-,-,-
"1983.10",13.8,-,-,-,-,-,-,-,14.3,-,-,-,-,-,-,-,14.0,-,-,-,-,-
"1983.11",13.9,-,-,-,-,-,-,-,14.4,-,-,-,-,-,-,-,14.1,-,-,-,-,-
"1983.12",14.0,-,-,-,-,-,-,-,14.5,-,-,-,-,-,-,-,14.1,-,-,-,-,-
"1984.01",14.1,-,-,-,-,-,-,-,14.6,-,-,-,-,-,-,-,14.2,-,-,-,-,-
"1984.02",14.1,-,-,-,-,-,-,-,14.7,-,-,-,-,-,-,-,14.3,-,-,-,-,-
"1984.03",14.2,-,-,-,-,-,-,-,14.8,-,-,-,-,-,-,-,14.4,-,-,-,-,-
"1984.04",14.3,-,-,-,-,-,-,-,14.9,-,-,-,-,-,-,-,14.5,-,-,-,-,-
"1984.05",14.5,-,-,-,-,-,-,-,15.0,-,-,-,-,-,-,-,14.6,-,-,-,-,-
"1984.06",14.5,-,-,-,-,-,-,-,15.1,-,-,-,-,-,-,-,14.7,-,-,-,-,-
"1984.07",14.6,-,-,-,-,-,-,-,15.1,-,-,-,-,-,-,-,14.8,-,-,-,-,-
"1984.08",14.7,-,-,-,-,-,-,-,15.2,-,-,-,-,-,-,-,14.9,-,-,-,-,-
"1984.09",14.7,-,-,-,-,-,-,-,15.2,-,-,-,-,-,-,-,15.1,-,-,-,-,-
"1984.10",14.8,-,-,-,-,-,-,-,15.2,-,-,-,-,-,-,-,15.2,-,-,-,-,-
"1984.11",15.0,-,-,-,-,-,-,-,15.2,-,-,-,-,-,-,-,15.3,-,-,-,-,-
"1984.12",15.2,-,-,-,-,-,-,-,15.3,-,-,-,-,-,-,-,15.3,-,-,-,-,-
"1985.01",15.2,-,-,-,-,-,-,-,15.3,-,-,-,-,-,-,-,15.4,-,-,-,-,-
"1985.02",15.3,-,-,-,-,-,-,-,15.4,-,-,-,-,-,-,-,15.5,-,-,-,-,-
"1985.03",15.4,-,-,-,-,-,-,-,15.5,-,-,-,-,-,-,-,15.5,-,-,-,-,-
"1985.04",15.6,-,-,-,-,-,-,-,15.6,-,-,-,-,-,-,-,15.7,-,-,-,-,-
"1985.05",15.6,-,-,-,-,-,-,-,15.8,-,-,-,-,-,-,-,15.8,-,-,-,-,-
"1985.06",15.7,-,-,-,-,-,-,-,15.9,-,-,-,-,-,-,-,15.9,-,-,-,-,-
"1985.07",15.8,-,-,-,-,-,-,-,16.0,-,-,-,-,-,-,-,15.9,-,-,-,-,-
"1985.08",16.0,-,-,-,-,-,-,-,16.0,-,-,-,-,-,-,-,16.0,-,-,-,-,-
"1985.09",16.1,-,-,-,-,-,-,-,16.1,-,-,-,-,-,-,-,16.1,-,-,-,-,-
"1985.10",16.2,-,-,-,-,-,-,-,16.2,-,-,-,-,-,-,-,16.2,-,-,-,-,-
"1985.11",16.3,-,-,-,-,-,-,-,16.4,-,-,-,-,-,-,-,16.2,-,-,-,-,-
"1985.12",16.5,-,-,-,-,-,-,-,16.6,-,-,-,-,-,-,-,16.3,-,-,-,-,-
"1986.01",16.6,-,-,-,-,-,-,-,16.7,-,-,-,-,-,-,-,16.4,-,-,-,-,-
"1986.02",16.7,-,-,-,-,-,-,-,16.8,-,-,-,-,-,-,-,16.6,-,-,-,-,-
"1986.03",16.9,-,-,-,-,-,-,-,16.9,-,-,-,-,-,-,-,16.7,-,-,-,-,-
"1986.04",17.1,-,-,-,-,-,-,-,17.1,-,-,-,-,-,-,-,16.8,-,-,-,-,-
"1986.05",17.2,-,-,-,-,-,-,-,17.4,-,-,-,-,-,-,-,16.9,-,-,-,-,-
"1986.06",17.4,-,-,-,-,-,-,-,17.6,-,-,-,-,-,-,-,16.9,-,-,-,-,-
"1986.07",17.5,-,-,-,-,-,-,-,17.7,-,-,-,-,-,-,-,17.0,-,-,-,-,-
"1986.08",17.6,-,-,-,-,-,-,-,17.9,-,-,-,-,-,-,-,17.1,-,-,-,-,-
"1986.09",17.8,-,-,-,-,-,-,-,18.0,-,-,-,-,-,-,-,17.2,-,-,-,-,-
"1986.10",17.9,-,-,-,-,-,-,-,18.1,-,-,-,-,-,-,-,17.3,-,-,-,-,-
"1986.11",18.0,-,-,-,-,-,-,-,18.2,-,-,-,-,-,-,-,17.4,-,-,-,-,-
"1986.12",18.1,-,-,-,-,-,-,-,18.3,-,-,-,-,-,-,-,17.5,-,-,-,-,-
"1987.01",18.2,-,-,-,-,-,-,-,18.4,-,-,-,-,-,-,-,17.7,-,-,-,-,-
"1987.02",18.4,-,-,-,-,-,-,-,18.6,-,-,-,-,-,-,-,17.9,-,-,-,-,-
"1987.03",18.5,-,-,-,-,-,-,-,18.8,-,-,-,-,-,-,-,18.1,-,-,-,-,-
"1987.04",18.6,-,-,-,-,-,-,-,19.0,-,-,-,-,-,-,-,18.2,-,-,-,-,-
"1987.05",18.7,-,-,-,-,-,-,-,19.3,-,-,-,-,-,-,-,18.4,-,-,-,-,-
"1987.06",18.8,-,-,-,-,-,-,-,19.5,-,-,-,-,-,-,-,18.5,-,-,-,-,-
"1987.07",19.0,-,-,-,-,-,-,-,19.7,-,-,-,-,-,-,-,18.5,-,-,-,-,-
"1987.08",19.1,-,-,-,-,-,-,-,19.6,-,-,-,-,-,-,-,18.6,-,-,-,-,-
"1987.09",19.3,-,-,-,-,-,-,-,19.6,-,-,-,-,-,-,-,18.6,-,-,-,-,-
"1987.10",19.4,-,-,-,-,-,-,-,19.8,-,-,-,-,-,-,-,18.7,-,-,-,-,-
"1987.11",19.6,-,-,-,-,-,-,-,20.2,-,-,-,-,-,-,-,18.8,-,-,-,-,-
"1987.12",19.8,-,-,-,-,-,-,-,20.4,-,-,-,-,-,-,-,19.0,-,-,-,-,-
"1988.01",19.9,-,-,-,-,-,-,-,20.6,-,-,-,-,-,-,-,19.2,-,-,-,-,-
"1988.02",20.1,-,-,-,-,-,-,-,20.7,-,-,-,-,-,-,-,19.4,-,-,-,-,-
"1988.03",20.2,-,-,-,-,-,-,-,20.8,-,-,-,-,-,-,-,19.5,-,-,-,-,-
"1988.04",20.3,-,-,-,-,-,-,-,20.8,-,-,-,-,-,-,-,19.5,-,-,-,-,-
"1988.05",20.4,-,-,-,-,-,-,-,20.8,-,-,-,-,-,-,-,19.6,-,-,-,-,-
"1988.06",20.5,-,-,-,-,-,-,-,20.9,-,-,-,-,-,-,-,19.8,-,-,-,-,-
"1988.07",20.7,-,-,-,-,-,-,-,21.0,-,-,-,-,-,-,-,20.0,-,-,-,-,-
"1988.08",20.8,-,-,-,-,-,-,-,21.2,-,-,-,-,-,-,-,20.2,-,-,-,-,-
"1988.09",21.0,-,-,-,-,-,-,-,21.4,-,-,-,-,-,-,-,20.4,-,-,-,-,-
"1988.10",21.0,-,-,-,-,-,-,-,21.6,-,-,-,-,-,-,-,20.7,-,-,-,-,-
"1988.11",21.1,-,-,-,-,-,-,-,21.7,-,-,-,-,-,-,-,21.0,-,-,-,-,-
"1988.12",21.1,-,-,-,-,-,-,-,21.7,-,-,-,-,-,-,-,21.2,-,-,-,-,-
"1989.01",21.3,-,-,-,-,-,-,-,21.8,-,-,-,-,-,-,-,21.3,-,-,-,-,-
"1989.02",21.5,-,-,-,-,-,-,-,22.0,-,-,-,-,-,-,-,21.5,-,-,-,-,-
"1989.03",21.7,-,-,-,-,-,-,-,22.1,-,-,-,-,-,-,-,21.7,-,-,-,-,-
"1989.04",21.9,-,-,-,-,-,-,-,22.2,-,-,-,-,-,-,-,21.9,-,-,-,-,-
"1989.05",22.2,-,-,-,-,-,-,-,22.3,-,-,-,-,-,-,-,22.1,-,-,-,-,-
"1989.06",22.4,-,-,-,-,-,-,-,22.4,-,-,-,-,-,-,-,22.3,-,-,-,-,-
"1989.07",22.5,-,-,-,-,-,-,-,22.7,-,-,-,-,-,-,-,22.5,-,-,-,-,-
"1989.08",22.7,-,-,-,-,-,-,-,23.0,-,-,-,-,-,-,-,22.7,-,-,-,-,-
"1989.09",22.9,-,-,-,-,-,-,-,23.2,-,-,-,-,-,-,-,22.9,-,-,-,-,-
"1989.10",23.0,-,-,-,-,-,-,-,23.4,-,-,-,-,-,-,-,23.2,-,-,-,-,-
"1989.11",23.2,-,-,-,-,-,-,-,23.5,-,-,-,-,-,-,-,23.4,-,-,-,-,-
"1989.12",23.3,-,-,-,-,-,-,-,23.6,-,-,-,-,-,-,-,23.6,-,-,-,-,-
"1990.01",23.5,-,-,-,-,-,-,-,23.7,-,-,-,-,-,-,-,23.8,-,-,-,-,-
"1990.02",23.7,-,-,-,-,-,-,-,23.9,-,-,-,-,-,-,-,24.0,-,-,-,-,-
"1990.03",23.8,-,-,-,-,-,-,-,24.1,-,-,-,-,-,-,-,24.2,-,-,-,-,-
"1990.04",24.0,-,-,-,-,-,-,-,24.3,-,-,-,-,-,-,-,24.3,-,-,-,-,-
"1990.05",24.1,-,-,-,-,-,-,-,24.5,-,-,-,-,-,-,-,24.5,-,-,-,-,-
"1990.06",24.2,-,-,-,-,-,-,-,24.6,-,-,-,-,-,-,-,24.7,-,-,-,-,-
"1990.07",24.5,-,-,-,-,-,-,-,24.7,-,-,-,-,-,-,-,25.0,-,-,-,-,-
"1990.08",24.7,-,-,-,-,-,-,-,25.0,-,-,-,-,-,-,-,25.2,-,-,-,-,-
"1990.09",25.0,-,-,-,-,-,-,-,25.2,-,-,-,-,-,-,-,25.5,-,-,-,-,-
"1990.10",25.3,-,-,-,-,-,-,-,25.3,-,-,-,-,-,-,-,25.7,-,-,-,-,-
"1990.11",25.5,-,-,-,-,-,-,-,25.5,-,-,-,-,-,-,-,26.0,-,-,-,-,-
"1990.12",25.6,-,-,-,-,-,-,-,25.6,-,-,-,-,-,-,-,26.4,-,-,-,-,-
"1991.01",25.7,-,-,-,-,-,-,-,25.9,-,-,-,-,-,-,-,26.8,-,-,-,-,-
"1991.02",25.9,-,-,-,-,-,-,-,26.2,-,-,-,-,-,-,-,27.2,-,-,-,-,-
"1991.03",26.0,-,-,-,-,-,-,-,26.4,-,-,-,-,-,-,-,27.5,-,-,-,-,-
"1991.04",26.1,-,-,-,-,-,-,-,26.6,-,-,-,-,-,-,-,27.8,-,-,-,-,-
"1991.05",26.3,-,-,-,-,-,-,-,26.8,-,-,-,-,-,-,-,28.1,-,-,-,-,-
"1991.06",26.5,-,-,-,-,-,-,-,26.9,-,-,-,-,-,-,-,28.4,-,-,-,-,-
"1991.07",26.7,-,-,-,-,-,-,-,27.1,-,-,-,-,-,-,-,28.6,-,-,-,-,-
"1991.08",26.8,-,-,-,-,-,-,-,27.3,-,-,-,-,-,-,-,28.9,-,-,-,-,-
"1991.09",27.0,-,-,-,-,-,-,-,27.6,-,-,-,-,-,-,-,29.3,-,-,-,-,-
"1991.10",27.1,-,-,-,-,-,-,-,27.8,-,-,-,-,-,-,-,29.6,-,-,-,-,-
"1991.11",27.2,-,-,-,-,-,-,-,28.0,-,-,-,-,-,-,-,29.9,-,-,-,-,-
"1991.12",27.4,-,-,-,-,-,-,-,28.1,-,-,-,-,-,-,-,30.1,-,-,-,-,-
"1992.01",27.5,-,-,-,-,-,-,-,28.2,-,-,-,-,-,-,-,30.3,-,-,-,-,-
"1992.02",27.6,-,-,-,-,-,-,-,28.3,-,-,-,-,-,-,-,30.5,-,-,-,-,-
"1992.03",27.9,-,-,-,-,-,-,-,28.5,-,-,-,-,-,-,-,30.9,-,-,-,-,-
"1992.04",28.0,-,-,-,-,-,-,-,28.6,-,-,-,-,-,-,-,31.1,-,-,-,-,-
"1992.05",28.2,-,-,-,-,-,-,-,28.7,-,-,-,-,-,-,-,31.3,-,-,-,-,-
"1992.06",28.3,-,-,-,-,-,-,-,28.8,-,-,-,-,-,-,-,31.5,-,-,-,-,-
"1992.07",28.5,-,-,-,-,-,-,-,29.0,-,-,-,-,-,-,-,31.8,-,-,-,-,-
"1992.08",28.5,-,-,-,-,-,-,-,29.1,-,-,-,-,-,-,-,31.9,-,-,-,-,-
"1992.09",28.6,-,-,-,-,-,-,-,29.1,-,-,-,-,-,-,-,32.1,-,-,-,-,-
"1992.10",28.8,-,-,-,-,-,-,-,29.2,-,-,-,-,-,-,-,32.2,-,-,-,-,-
"1992.11",29.1,-,-,-,-,-,-,-,29.2,-,-,-,-,-,-,-,32.3,-,-,-,-,-
"1992.12",29.4,-,-,-,-,-,-,-,29.4,-,-,-,-,-,-,-,32.4,-,-,-,-,-
"1993.01",29.6,-,-,-,-,-,-,-,29.5,-,-,-,-,-,-,-,32.5,-,-,-,-,-
"1993.02",29.7,-,-,-,-,-,-,-,29.6,-,-,-,-,-,-,-,32.6,-,-,-,-,-
"1993.03",29.9,-,-,-,-,-,-,-,29.7,-,-,-,-,-,-,-,32.7,-,-,-,-,-
"1993.04",30.1,-,-,-,-,-,-,-,29.8,-,-,-,-,-,-,-,32.8,-,-,-,-,-
"1993.05",30.3,-,-,-,-,-,-,-,30.0,-,-,-,-,-,-,-,32.9,-,-,-,-,-
"1993.06",30.6,-,-,-,-,-,-,-,30.3,-,-,-,-,-,-,-,33.2,-,-,-,-,-
"1993.07",30.7,-,-,-,-,-,-,-,30.5,-,-,-,-,-,-,-,33.5,-,-,-,-,-
"1993.08",30.9,-,-,-,-,-,-,-,30.7,-,-,-,-,-,-,-,33.9,-,-,-,-,-
"1993.09",30.9,-,-,-,-,-,-,-,30.9,-,-,-,-,-,-,-,34.2,-,-,-,-,-
"1993.10",31.2,-,-,-,-,-,-,-,31.1,-,-,-,-,-,-,-,34.4,-,-,-,-,-
"1993.11",31.6,-,-,-,-,-,-,-,31.4,-,-,-,-,-,-,-,34.6,-,-,-,-,-
"1993.12",32.0,-,-,-,-,-,-,-,31.6,-,-,-,-,-,-,-,34.6,-,-,-,-,-
"1994.01",32.4,-,-,-,-,-,-,-,31.9,-,-,-,-,-,-,-,34.8,-,-,-,-,-
"1994.02",32.8,-,-,-,-,-,-,-,32.1,-,-,-,-,-,-,-,35.0,-,-,-,-,-
"1994.03",33.0,-,-,-,-,-,-,-,32.3,-,-,-,-,-,-,-,35.4,-,-,-,-,-
"1994.04",33.2,-,-,-,-,-,-,-,32.5,-,-,-,-,-,-,-,35.6,-,-,-,-,-
"1994.05",33.3,-,-,-,-,-,-,-,32.7,-,-,-,-,-,-,-,35.9,-,-,-,-,-
"1994.06",33.5,-,-,-,-,-,-,-,33.0,-,-,-,-,-,-,-,36.1,-,-,-,-,-
"1994.07",33.6,-,-,-,-,-,-,-,33.2,-,-,-,-,-,-,-,36.4,-,-,-,-,-
"1994.08",33.8,-,-,-,-,-,-,-,33.4,-,-,-,-,-,-,-,36.7,-,-,-,-,-
"1994.09",34.1,-,-,-,-,-,-,-,33.6,-,-,-,-,-,-,-,37.1,-,-,-,-,-
"1994.10",34.4,-,-,-,-,-,-,-,33.9,-,-,-,-,-,-,-,37.4,-,-,-,-,-
"1994.11",34.7,-,-,-,-,-,-,-,34.2,-,-,-,-,-,-,-,37.9,-,-,-,-,-
"1994.12",35.1,-,-,-,-,-,-,-,34.4,-,-,-,-,-,-,-,38.3,-,-,-,-,-
"1995.01",35.3,-,-,-,-,-,-,-,34.7,-,-,-,-,-,-,-,38.7,-,-,-,-,-
"1995.02",35.6,-,-,-,-,-,-,-,34.9,-,-,-,-,-,-,-,39.1,-,-,-,-,-
"1995.03",35.6,-,-,-,-,-,-,-,35.1,-,-,-,-,-,-,-,39.5,-,-,-,-,-
"1995.04",35.9,-,-,-,-,-,-,-,35.3,-,-,-,-,-,-,-,39.8,-,-,-,-,-
"1995.05",36.0,-,-,-,-,-,-,-,35.6,-,-,-,-,-,-,-,40.2,-,-,-,-,-
"1995.06",36.2,-,-,-,-,-,-,-,35.9,-,-,-,-,-,-,-,40.5,-,-,-,-,-
"1995.07",36.6,-,-,-,-,-,-,-,36.1,-,-,-,-,-,-,-,40.9,-,-,-,-,-
"1995.08",36.8,-,-,-,-,-,-,-,36.4,-,-,-,-,-,-,-,41.2,-,-,-,-,-
"1995.09",37.0,-,-,-,-,-,-,-,36.7,-,-,-,-,-,-,-,41.6,-,-,-,-,-
"1995.10",37.1,-,-,-,-,-,-,-,36.9,-,-,-,-,-,-,-,41.8,-,-,-,-,-
"1995.11",37.3,-,-,-,-,-,-,-,37.1,-,-,-,-,-,-,-,42.0,-,-,-,-,-
"1995.12",37.4,-,-,-,-,-,-,-,37.5,-,-,-,-,-,-,-,42.2,-,-,-,-,-
"1996.01",37.4,-,-,-,-,-,-,-,37.8,-,-,-,-,-,-,-,42.5,-,-,-,-,-
"1996.02",37.5,-,-,-,-,-,-,-,38.1,-,-,-,-,-,-,-,43.1,-,-,-,-,-
"1996.03",37.7,-,-,-,-,-,-,-,38.2,-,-,-,-,-,-,-,43.5,-,-,-,-,-
"1996.04",37.8,-,-,-,-,-,-,-,38.5,-,-,-,-,-,-,-,44.0,-,-,-,-,-
"1996.05",37.8,-,-,-,-,-,-,-,38.8,-,-,-,-,-,-,-,44.3,-,-,-,-,-
"1996.06",37.6,-,-,-,-,-,-,-,38.9,-,-,-,-,-,-,-,44.7,-,-,-,-,-
"1996.07",37.7,-,-,-,-,-,-,-,39.1,-,-,-,-,-,-,-,45.0,-,-,-,-,-
"1996.08",37.8,-,-,-,-,-,-,-,39.2,-,-,-,-,-,-,-,45.3,-,-,-,-,-
"1996.09",37.7,-,-,-,-,-,-,-,39.4,-,-,-,-,-,-,-,45.4,-,-,-,-,-
"1996.10",37.5,-,-,-,-,-,-,-,39.6,-,-,-,-,-,-,-,45.7,-,-,-,-,-
"1996.11",37.5,-,-,-,-,-,-,-,39.9,-,-,-,-,-,-,-,45.9,-,-,-,-,-
"1996.12",37.8,-,-,-,-,-,-,-,40.1,-,-,-,-,-,-,-,46.1,-,-,-,-,-
"1997.01",37.9,-,-,-,-,-,-,-,40.1,-,-,-,-,-,-,-,46.2,-,-,-,-,-
"1997.02",38.2,-,-,-,-,-,-,-,40.2,-,-,-,-,-,-,-,46.4,-,-,-,-,-
"1997.03",38.4,-,-,-,-,-,-,-,40.2,-,-,-,-,-,-,-,46.7,-,-,-,-,-
"1997.04",38.9,-,-,-,-,-,-,-,40.5,-,-,-,-,-,-,-,47.2,-,-,-,-,-
"1997.05",39.0,-,-,-,-,-,-,-,40.7,-,-,-,-,-,-,-,47.6,-,-,-,-,-
"1997.06",39.3,-,-,-,-,-,-,-,40.7,-,-,-,-,-,-,-,47.9,-,-,-,-,-
"1997.07",39.4,-,-,-,-,-,-,-,40.8,-,-,-,-,-,-,-,48.0,-,-,-,-,-
"1997.08",39.7,-,-,-,-,-,-,-,41.0,-,-,-,-,-,-,-,47.9,-,-,-,-,-
"1997.09",39.8,-,-,-,-,-,-,-,41.1,-,-,-,-,-,-,-,47.8,-,-,-,-,-
"1997.10",39.7,-,-,-,-,-,-,-,41.1,-,-,-,-,-,-,-,47.7,-,-,-,-,-
"1997.11",39.5,-,-,-,-,-,-,-,41.0,-,-,-,-,-,-,-,47.8,-,-,-,-,-
"1997.12",38.6,-,-,-,-,-,-,-,40.8,-,-,-,-,-,-,-,47.9,-,-,-,-,-
"1998.01",37.7,-,-,-,-,-,-,-,40.3,-,-,-,-,-,-,-,47.5,-,-,-,-,-
"1998.02",37.2,-,-,-,-,-,-,-,39.7,-,-,-,-,-,-,-,46.9,-,-,-,-,-
"1998.03",37.5,-,-,-,-,-,-,-,39.0,-,-,-,-,-,-,-,46.4,-,-,-,-,-
"1998.04",38.0,-,-,-,-,-,-,-,38.8,-,-,-,-,-,-,-,46.2,-,-,-,-,-
"1998.05",38.2,-,-,-,-,-,-,-,38.7,-,-,-,-,-,-,-,46.0,-,-,-,-,-
"1998.06",38.4,-,-,-,-,-,-,-,38.6,-,-,-,-,-,-,-,45.6,-,-,-,-,-
"1998.07",38.8,-,-,-,-,-,-,-,38.5,-,-,-,-,-,-,-,45.4,-,-,-,-,-
"1998.08",39.4,-,-,-,-,-,-,-,38.6,-,-,-,-,-,-,-,45.1,-,-,-,-,-
"1998.09",39.8,-,-,-,-,-,-,-,38.9,-,-,-,-,-,-,-,44.7,-,-,-,-,-
"1998.10",40.3,-,-,-,-,-,-,-,39.6,-,-,-,-,-,-,-,44.4,-,-,-,-,-
"1998.11",40.8,-,-,-,-,-,-,-,40.3,-,-,-,-,-,-,-,44.5,-,-,-,-,-
"1998.12",41.4,-,-,-,-,-,-,-,40.7,-,-,-,-,-,-,-,44.6,-,-,-,-,-
"1999.01",42.2,-,-,-,-,-,-,-,41.1,-,-,-,-,-,-,-,44.7,-,-,-,-,-
"1999.02",43.0,-,-,-,-,-,-,-,41.5,-,-,-,-,-,-,-,44.6,-,-,-,-,-
"1999.03",43.8,-,-,-,-,-,-,-,41.9,-,-,-,-,-,-,-,44.5,-,-,-,-,-
"1999.04",44.5,-,-,-,-,-,-,-,42.4,-,-,-,-,-,-,-,44.4,-,-,-,-,-
"1999.05",45.1,-,-,-,-,-,-,-,42.8,-,-,-,-,-,-,-,44.6,-,-,-,-,-
"1999.06",46.0,-,-,-,-,-,-,-,43.4,-,-,-,-,-,-,-,45.0,-,-,-,-,-
"1999.07",46.7,-,-,-,-,-,-,-,44.1,-,-,-,-,-,-,-,45.4,-,-,-,-,-
"1999.08",47.2,-,-,-,-,-,-,-,44.7,-,-,-,-,-,-,-,45.6,-,-,-,-,-
"1999.09",47.5,-,-,-,-,-,-,-,45.2,-,-,-,-,-,-,-,45.5,-,-,-,-,-
"1999.10",47.5,-,-,-,-,-,-,-,45.7,-,-,-,-,-,-,-,45.9,-,-,-,-,-
"1999.11",47.9,-,-,-,-,-,-,-,46.3,-,-,-,-,-,-,-,46.4,-,-,-,-,-
"1999.12",48.1,-,-,-,-,-,-,-,46.6,-,-,-,-,-,-,-,47.0,-,-,-,-,-
"2000.01",48.8,-,-,-,-,-,-,-,47.0,-,-,-,-,-,-,-,47.7,-,-,-,-,-
"2000.02",49.0,-,-,-,-,-,-,-,47.3,-,-,-,-,-,-,-,48.1,-,-,-,-,-
"2000.03",49.2,-,-,-,-,-,-,-,47.7,-,-,-,-,-,-,-,48.5,-,-,-,-,-
"2000.04",49.1,-,-,-,-,-,-,-,48.1,-,-,-,-,-,-,-,48.8,-,-,-,-,-
"2000.05",49.2,-,-,-,-,-,-,-,48.6,-,-,-,-,-,-,-,49.2,-,-,-,-,-
"2000.06",49.4,-,-,-,-,-,-,-,49.1,-,-,-,-,-,-,-,49.6,-,-,-,-,-
"2000.07",49.5,-,-,-,-,-,-,-,49.8,-,-,-,-,-,-,-,50.1,-,-,-,-,-
"2000.08",50.0,-,-,-,-,-,-,-,50.1,-,-,-,-,-,-,-,50.3,-,-,-,-,-
"2000.09",49.8,-,-,-,-,-,-,-,50.3,-,-,-,-,-,-,-,50.6,-,-,-,-,-
"2000.10",49.3,-,-,-,-,-,-,-,50.3,-,-,-,-,-,-,-,51.0,-,-,-,-,-
"2000.11",48.3,-,-,-,-,-,-,-,50.3,-,-,-,-,-,-,-,51.5,-,-,-,-,-
"2000.12",47.8,-,-,-,-,-,-,-,50.4,-,-,-,-,-,-,-,51.9,-,-,-,-,-
"2001.01",47.3,-,-,-,-,-,-,-,50.5,-,-,-,-,-,-,-,52.1,-,-,-,-,-
"2001.02",47.5,-,-,-,-,-,-,-,50.6,-,-,-,-,-,-,-,52.2,-,-,-,-,-
"2001.03",47.7,-,-,-,-,-,-,-,50.9,-,-,-,-,-,-,-,52.5,-,-,-,-,-
"2001.04",48.0,-,-,-,-,-,-,-,51.1,-,-,-,-,-,-,-,52.9,-,-,-,-,-
"2001.05",48.5,-,-,-,-,-,-,-,51.5,-,-,-,-,-,-,-,53.3,-,-,-,-,-
"2001.06",48.8,-,-,-,-,-,-,-,51.8,-,-,-,-,-,-,-,53.6,-,-,-,-,-
"2001.07",48.9,-,-,-,-,-,-,-,51.8,-,-,-,-,-,-,-,53.7,-,-,-,-,-
"2001.08",49.0,-,-,-,-,-,-,-,52.0,-,-,-,-,-,-,-,53.7,-,-,-,-,-
"2001.09",49.2,-,-,-,-,-,-,-,52.6,-,-,-,-,-,-,-,53.9,-,-,-,-,-
"2001.10",49.6,-,-,-,-,-,-,-,53.1,-,-,-,-,-,-,-,54.1,-,-,-,-,-
"2001.11",50.4,-,-,-,-,-,-,-,53.5,-,-,-,-,-,-,-,54.3,-,-,-,-,-
"2001.12",51.3,-,-,-,-,-,-,-,53.6,-,-,-,-,-,-,-,54.6,-,-,-,-,-
"2002.01",52.3,-,-,-,-,-,-,-,54.2,-,-,-,-,-,-,-,54.8,-,-,-,-,-
"2002.02",53.2,-,-,-,-,-,-,-,54.7,-,-,-,-,-,-,-,54.9,-,-,-,-,-
"2002.03",54.1,-,-,-,-,-,-,-,55.5,-,-,-,-,-,-,-,54.8,-,-,-,-,-
"2002.04",54.4,-,-,-,-,-,-,-,55.9,-,-,-,-,-,-,-,55.1,-,-,-,-,-
"2002.05",54.5,-,-,-,-,-,-,-,56.1,-,-,-,-,-,-,-,55.2,-,-,-,-,-
"2002.06",54.1,-,-,-,-,-,-,-,56.1,-,-,-,-,-,-,-,55.5,-,-,-,-,-
"2002.07",53.9,-,-,-,-,-,-,-,56.4,-,-,-,-,-,-,-,55.7,-,-,-,-,-
"2002.08",53.8,-,-,-,-,-,-,-,56.6,-,-,-,-,-,-,-,56.0,-,-,-,-,-
"2002.09",53.7,-,-,-,-,-,-,-,57.0,-,-,-,-,-,-,-,56.1,-,-,-,-,-
"2002.10",53.4,-,-,-,-,-,-,-,57.2,-,-,-,-,-,-,-,56.2,-,-,-,-,-
"2002.11",53.5,-,-,-,-,-,-,-,57.6,-,-,-,-,-,-,-,56.4,-,-,-,-,-
"2002.12",53.6,-,-,-,-,-,-,-,57.7,-,-,-,-,-,-,-,56.5,-,-,-,-,-
"2003.01",53.7,-0.4,101.4,90.1,8145.7,148.2,604.9,0.99,57.8,51.6,60.1,8279.9,63.7,74.3,20816.0,20182.1,56.9,42.2,2.9,2421.1,22277.3,4.6
"2003.02",53.7,-0.9,100.1,88.8,8048.8,148.9,595.1,0.84,57.7,51.7,60.7,8237.5,62.6,73.5,20749.0,20162.3,57.2,42.9,3.1,2390.2,22240.0,4.7
"2003.03",53.8,-1.8,98.5,87.6,7904.5,149.7,591.1,0.72,57.7,51.8,61.3,8217.6,62.0,72.9,20673.4,20152.4,57.4,43.5,3.4,2364.9,22206.7,4.8
"2003.04",53.7,-6.2,97.5,86.3,7858.6,150.3,576.1,0.61,57.6,51.9,61.8,8153.6,60.3,72.0,20615.6,20122.7,57.6,44.4,3.7,2329.4,22165.5,5.0
"2003.05",53.7,-8.5,95.5,85.4,7624.8,151.2,583.4,0.53,57.8,51.9,62.5,8178.0,60.8,71.6,20523.1,20132.7,57.8,44.8,3.8,2315.3,22140.3,5.1
"2003.06",54.1,-6.8,95.7,85.2,8831.2,151.6,620.9,0.35,58.0,52.1,62.9,8357.3,60.9,71.7,20500.6,20148.6,58.0,45.1,3.9,2348.2,22131.2,5.0
"2003.07",54.3,-6.9,93.9,82.8,9485.6,151.0,660.1,0.45,58.1,51.7,62.9,8546.0,61.4,70.7,20305.5,20213.2,58.1,45.1,3.9,2385.3,22168.0,4.8
"2003.08",54.7,-5.3,94.9,82.1,10431.6,150.6,699.5,0.73,58.3,52.3,63.1,8647.2,61.6,70.6,20166.8,20250.1,58.2,45.4,3.9,2432.1,22191.7,4.5
"2003.09",54.9,-5.5,96.9,82.2,9782.1,150.6,725.8,0.91,58.5,52.6,63.1,8537.2,62.0,70.9,20398.8,20279.5,58.3,45.3,3.9,2456.2,22210.9,4.3
"2003.10",55.4,-2.1,99.0,83.8,9599.8,149.9,743.5,1.06,58.9,54.2,63.0,8566.9,62.2,72.8,20778.4,20295.9,58.4,45.0,3.8,2555.1,22224.8,4.2
"2003.11",55.5,-0.6,100.3,84.0,8175.9,149.2,762.6,1.10,59.1,54.9,63.0,8558.8,62.4,73.4,20966.5,20331.2,58.6,44.6,3.8,2656.7,22259.7,4.2
"2003.12",55.7,0.6,101.6,82.9,7603.5,148.1,782.3,1.31,59.5,55.8,62.4,8816.6,62.0,74.1,21383.3,20406.4,58.8,44.4,3.6,2787.8,22340.4,4.3
"2004.01",56.0,1.8,103.9,83.2,7107.0,147.9,811.9,1.35,59.8,56.1,62.3,8943.1,62.3,74.4,21704.4,20516.6,59.0,44.4,3.5,2841.1,22464.2,4.5
"2004.02",56.3,4.3,105.3,83.5,7280.1,147.5,838.1,1.37,60.3,57.3,62.3,8974.0,62.5,75.3,22074.7,20641.5,59.3,45.0,3.5,2833.3,22615.4,4.5
"2004.03",56.5,5.8,106.2,83.5,7115.4,146.5,862.9,1.30,60.6,57.8,63.0,8911.7,62.4,75.0,22365.5,20722.2,59.5,45.6,3.4,2900.6,22718.2,4.4
"2004.04",56.7,7.9,106.9,83.5,6976.2,145.5,883.4,1.21,60.8,58.6,63.3,8876.0,61.8,75.1,22627.7,20748.6,59.6,46.0,3.2,2950.3,22731.6,4.2
"2004.05",56.7,8.8,104.3,83.1,6777.0,144.5,860.5,1.08,60.8,58.8,63.4,8900.5,61.1,74.3,22865.0,20724.4,59.6,46.2,2.9,2954.7,22661.1,4.1
"2004.06",56.7,8.6,101.3,83.3,6574.2,144.3,825.8,0.98,60.9,58.7,63.5,8734.6,61.9,73.9,22926.5,20727.4,59.6,46.3,2.7,2738.1,22621.3,4.1
"2004.07",56.6,8.0,97.0,82.6,7332.5,144.0,772.2,0.84,60.8,58.2,63.1,8717.8,62.3,73.1,22880.1,20723.6,59.7,46.5,2.8,2567.7,22588.0,4.0
"2004.08",56.6,6.2,96.0,82.3,7228.3,143.7,762.7,0.65,60.7,57.7,62.8,8756.8,62.3,72.9,22704.0,20713.4,59.8,46.7,2.9,2433.8,22575.8,4.0
"2004.09",56.7,5.4,96.4,81.6,7268.6,144.1,784.1,0.45,60.9,58.0,62.6,8985.0,62.3,73.0,22400.8,20768.4,59.9,46.9,3.0,2415.9,22617.6,3.9
"2004.10",56.9,2.3,96.4,81.9,7861.9,144.0,818.4,0.26,61.0,58.5,62.7,8943.8,62.0,73.2,22460.1,20819.1,60.1,47.0,3.0,2416.6,22677.4,3.7
"2004.11",57.0,0.5,95.0,80.9,7868.5,144.2,849.4,0.19,61.2,59.1,62.9,8741.5,62.2,73.3,22466.0,20891.0,60.2,47.3,3.1,2366.3,22741.4,3.6
"2004.12",57.1,-2.5,92.5,80.8,8900.4,143.4,861.8,0.15,61.2,59.1,62.5,8537.8,62.0,73.4,22614.6,20894.3,60.4,47.9,3.1,2325.9,22778.0,3.6
"2005.01",57.1,-3.9,92.5,79.7,7963.5,142.6,879.9,0.31,61.3,60.0,62.8,8477.0,61.9,73.9,22569.9,20903.8,60.6,48.8,3.1,2291.3,22781.2,3.6
"2005.02",57.4,-6.0,97.9,79.7,7520.3,141.1,913.7,0.65,61.4,60.1,63.4,8428.3,62.1,73.9,22189.8,20927.0,60.8,49.3,3.1,2269.3,22810.5,3.6
"2005.03",57.9,-4.3,104.8,80.0,8074.2,138.6,952.0,0.96,61.8,61.2,64.3,8547.0,62.1,74.2,22261.1,20946.1,60.9,49.5,2.9,2288.9,22808.9,3.7
"2005.04",58.1,-5.4,109.8,80.7,8014.6,135.8,969.4,1.04,61.9,60.9,64.4,8701.7,62.7,73.8,22022.1,20949.0,61.0,49.9,2.7,2274.2,22818.5,3.7
"2005.05",58.2,-6.1,108.4,81.2,9381.3,133.3,960.9,0.84,62.1,61.0,64.5,9032.5,63.1,73.9,22119.4,20951.5,61.2,50.3,2.5,2364.8,22823.0,3.7
"2005.06",58.1,-5.6,105.4,81.0,8606.9,131.6,961.9,0.72,62.3,60.5,64.8,9115.9,63.4,74.1,22326.2,20944.0,61.3,50.2,2.4,2389.7,22802.9,3.7
"2005.07",58.4,-3.5,101.7,81.9,9133.3,130.6,996.3,0.82,62.5,60.7,65.2,9089.2,63.7,75.0,22234.1,20957.8,61.4,50.0,2.3,2438.2,22797.6,3.6
"2005.08",58.7,0.0,101.5,83.0,8555.2,129.0,1050.6,1.09,62.7,61.2,65.8,9044.5,64.0,75.9,22416.3,20961.1,61.5,49.5,2.2,2466.9,22781.8,3.6
"2005.09",59.1,-0.7,103.0,83.8,8079.4,127.8,1110.5,1.38,63.0,61.5,65.9,9000.9,64.3,75.7,22662.1,20996.8,61.7,49.9,2.1,2502.9,22783.9,3.7
"2005.10",59.3,-0.5,105.1,84.2,7272.7,127.2,1154.6,1.54,63.2,62.2,66.2,8955.3,64.5,75.8,22867.2,21049.1,61.9,49.9,2.1,2515.8,22815.0,3.9
"2005.11",59.6,0.0,107.1,83.8,6937.6,127.4,1205.1,1.69,63.8,63.8,66.6,8967.3,65.1,76.5,23516.4,21119.6,62.1,50.3,2.0,2520.1,22877.7,4.0
"2005.12",60.0,1.9,109.0,83.8,6832.8,127.3,1261.0,1.71,64.2,64.8,66.8,8852.9,66.3,77.6,23748.4,21167.9,62.4,50.6,2.0,2600.7,22929.5,4.2
"2006.01",60.3,2.7,112.2,85.1,7096.9,126.1,1323.8,1.69,64.6,66.0,67.5,8701.1,66.7,79.1,23917.8,21234.0,62.6,51.1,2.0,2578.4,23002.4,4.3
"2006.02",60.6,2.7,114.5,87.2,7299.3,124.6,1353.3,1.43,64.8,66.2,67.6,8478.0,66.7,79.3,24266.1,21270.5,62.9,51.9,2.1,2609.7,23049.6,4.4
"2006.03",60.7,1.0,116.1,88.9,7360.4,123.4,1350.9,1.27,65.1,67.1,68.2,8604.0,66.3,80.0,24304.7,21308.4,63.2,52.9,2.2,2578.3,23104.2,4.4
"2006.04",60.8,1.2,116.4,89.4,7021.0,121.8,1363.1,1.15,65.3,67.0,68.3,8795.9,66.8,79.4,24551.6,21322.6,63.5,53.8,2.4,2695.7,23114.7,4.5
"2006.05",60.9,1.6,114.0,92.1,7172.9,119.7,1378.8,1.11,65.7,67.1,68.5,8972.1,67.3,79.8,24938.6,21354.0,63.7,54.3,2.6,2734.6,23134.3,4.5
"2006.06",60.9,1.0,109.8,92.1,7488.4,118.1,1351.3,1.01,65.7,66.7,68.5,8879.1,67.4,79.7,25025.4,21371.7,64.0,54.7,2.7,2787.6,23142.8,4.5
"2006.07",60.7,-2.7,105.7,90.2,8748.2,116.9,1305.3,0.87,65.4,65.5,68.3,8743.5,66.6,78.5,24848.8,21383.4,64.2,55.2,2.8,2780.6,23153.1,4.6
"2006.08",60.7,-5.0,104.4,89.2,9081.0,116.6,1281.1,0.69,65.6,65.7,68.6,8720.9,66.3,78.6,25039.0,21395.2,64.4,55.3,2.8,2813.3,23164.5,4.8
"2006.09",61.1,-3.6,105.2,90.9,10630.8,117.3,1316.9,0.50,66.0,66.7,69.2,8893.8,66.1,79.4,25223.4,21425.8,64.6,55.7,2.9,2853.6,23179.7,4.8
"2006.10",61.6,-0.4,107.3,94.8,9705.4,118.5,1342.2,0.30,66.8,69.4,70.0,9269.3,67.2,82.5,25403.8,21460.5,64.8,55.5,3.0,2912.8,23215.0,4.8
"2006.11",61.9,-0.7,108.7,95.4,9978.8,119.4,1371.5,0.27,67.3,70.5,70.4,9376.1,67.7,83.6,25705.2,21506.5,65.0,55.7,3.0,2974.9,23262.6,4.8
"2006.12",62.0,-1.8,108.8,95.1,8940.1,118.6,1392.2,0.30,67.6,70.2,70.9,9328.9,69.1,83.8,25839.3,21549.7,65.2,55.7,3.0,3011.7,23324.5,4.8
"2007.01",62.1,-4.2,107.8,94.4,9652.1,118.4,1400.7,0.36,67.8,69.7,71.2,9139.0,69.4,83.3,26027.0,21623.1,65.5,56.5,2.8,3055.8,23396.8,4.9
"2007.02",62.3,-3.7,108.8,94.4,9919.7,117.5,1411.0,0.36,68.0,69.3,71.6,9116.7,70.4,83.5,26043.2,21676.1,65.7,56.9,2.8,3131.8,23449.8,5.0
"2007.03",62.5,-2.6,110.8,94.8,9996.0,116.2,1415.3,0.31,68.3,69.7,72.0,9093.8,70.3,83.6,26213.1,21731.1,65.9,57.2,2.8,3127.2,23493.3,5.1
"2007.04",62.8,0.6,113.6,94.6,10059.3,114.1,1461.2,0.28,68.6,70.1,72.4,9159.4,70.7,83.7,26700.5,21748.8,66.1,56.8,2.8,3126.2,23502.1,5.1
"2007.05",63.0,2.3,114.0,95.2,9421.9,112.8,1521.2,0.34,68.8,70.5,72.7,9195.0,70.7,84.1,26898.5,21771.7,66.2,56.7,2.9,3082.4,23508.8,5.2
"2007.06",63.4,3.1,113.9,94.8,9743.0,112.5,1628.8,0.53,69.0,70.8,73.4,9138.4,70.4,84.3,26999.7,21792.0,66.5,56.9,3.0,3110.8,23517.1,5.2
"2007.07",63.8,5.9,113.8,94.6,9425.4,112.6,1760.3,0.70,69.3,71.0,74.1,9179.2,70.3,84.9,27163.4,21816.1,66.7,57.2,3.0,3180.5,23530.8,5.2
"2007.08",64.1,5.7,114.7,93.0,9950.9,112.9,1827.0,0.66,69.6,71.9,75.2,9244.8,70.0,84.6,27008.9,21837.1,66.9,57.6,2.9,3221.5,23542.0,5.3
"2007.09",64.3,5.5,115.8,92.6,10715.1,112.2,1868.5,0.54,69.7,72.7,75.1,9317.1,70.6,84.6,26588.2,21860.1,67.0,57.7,2.9,3218.9,23549.6,5.4
"2007.10",64.4,1.8,115.8,93.5,11948.9,110.8,1899.5,0.45,70.1,74.4,75.3,9302.8,71.3,85.2,26797.3,21891.2,67.3,57.9,2.9,3264.3,23578.1,5.6
"2007.11",64.7,2.3,114.8,95.7,13145.4,108.5,1936.1,0.51,70.4,75.4,75.2,9289.5,71.7,86.3,27047.7,21937.3,67.5,58.0,2.9,3344.0,23627.3,5.7
"2007.12",64.8,3.2,113.2,97.7,12080.5,106.6,1944.5,0.66,71.0,76.5,75.8,9513.6,71.9,87.6,27384.7,21978.5,67.9,58.5,3.0,3403.1,23681.6,5.9
"2008.01",64.8,5.0,112.1,98.1,10415.8,105.1,1853.7,0.67,71.4,77.0,76.5,9549.0,72.3,88.4,28131.3,22029.9,68.2,59.1,3.1,3453.4,23733.7,6.2
"2008.02",64.6,3.9,112.0,97.3,9099.8,103.7,1775.3,0.53,71.6,77.3,77.2,9356.1,72.4,88.4,28318.0,22057.8,68.4,60.2,3.1,3422.4,23763.3,6.2
"2008.03",64.5,3.2,110.5,97.8,9232.3,102.2,1691.0,0.31,71.7,78.0,77.7,9013.8,72.6,88.6,28291.6,22080.6,68.7,61.1,3.3,3548.4,23779.2,6.0
"2008.04",64.6,0.4,109.4,98.7,9972.6,100.7,1705.8,0.14,71.7,78.2,77.6,8760.2,72.7,88.0,28392.9,22078.1,68.9,62.0,3.4,3575.2,23778.0,5.8
"2008.05",64.7,-1.6,106.1,99.0,9850.2,98.6,1758.2,0.22,71.7,78.2,77.5,8732.1,72.8,87.3,28076.1,22087.8,69.2,62.8,3.5,3657.4,23778.9,5.8
"2008.06",64.6,-5.7,103.4,97.4,9042.6,96.7,1793.9,0.42,71.5,77.7,77.3,8545.5,71.7,86.5,27784.1,22095.7,69.4,64.5,3.6,3660.8,23783.4,5.8
"2008.07",64.6,-7.7,98.6,97.2,8286.3,94.9,1724.9,0.76,71.5,77.0,77.4,8463.0,71.1,86.0,27933.6,22102.0,69.6,65.5,3.7,3662.2,23789.4,5.9
"2008.08",64.6,-9.3,98.0,97.0,8155.4,95.1,1621.8,0.83,71.6,76.6,77.5,8484.8,70.9,85.7,28169.5,22097.8,69.9,66.2,3.8,3675.6,23785.7,6.0
"2008.09",64.7,-10.9,97.7,98.3,7692.7,96.4,1517.9,0.76,71.7,76.1,77.6,8633.4,71.1,84.9,28708.1,22084.5,70.0,66.4,3.9,3661.3,23768.1,6.2
"2008.10",64.7,-14.6,94.0,97.7,8019.2,99.3,1395.3,0.51,71.7,75.8,77.5,8605.4,70.4,83.9,29508.4,22077.3,70.2,67.2,3.9,3504.3,23757.2,6.5
"2008.11",64.6,-20.4,83.8,96.5,7710.9,102.3,1240.8,0.70,71.3,72.8,77.2,8395.3,69.3,81.4,29428.6,22063.1,70.3,67.5,4.0,3283.8,23766.3,6.9
"2008.12",64.6,-24.2,71.6,92.6,9296.5,105.2,1130.2,0.83,70.7,67.8,76.6,8025.9,68.7,77.7,28325.5,22043.9,70.4,66.1,4.0,3186.1,23766.4,7.1
"2009.01",64.6,-24.9,66.7,86.6,8740.1,106.2,1115.1,1.25,70.4,63.1,76.8,8077.5,68.9,73.6,27063.2,22015.1,70.3,63.4,4.0,3080.8,23745.2,6.5
"2009.02",65.1,-18.1,66.5,84.8,9007.0,106.4,1137.0,1.70,70.4,62.8,77.1,8261.2,70.0,73.1,25660.6,21976.1,70.0,60.5,3.7,3032.5,23692.2,5.2
"2009.03",65.6,-11.7,70.6,84.9,7994.5,106.3,1145.6,2.27,70.7,65.9,77.6,8475.4,70.7,74.7,24515.6,21929.9,69.7,58.8,3.3,2880.9,23638.5,4.0
"2009.04",66.6,-4.6,78.1,88.6,8573.6,107.4,1200.8,2.63,71.0,69.2,78.0,8524.9,71.1,77.4,24466.2,21894.6,69.6,57.7,2.9,2886.1,23599.4,3.3
"2009.05",67.1,0.0,86.5,87.8,8489.7,107.6,1287.7,2.66,71.2,71.1,78.3,8475.9,71.7,78.9,24355.1,21884.2,69.5,56.7,2.5,2895.5,23568.9,3.1
"2009.06",67.9,7.3,95.0,90.5,9008.1,106.6,1372.6,2.68,71.8,72.9,78.9,8841.4,72.5,81.5,24395.6,21962.8,69.8,55.9,2.3,3046.4,23632.2,3.0
"2009.07",68.2,12.1,98.1,90.1,8629.5,105.3,1418.6,2.70,72.2,74.7,78.9,8791.5,72.8,83.3,25003.0,22003.6,69.9,55.4,2.2,3012.6,23667.5,2.9
"2009.08",68.5,14.6,102.3,90.2,8077.1,103.8,1477.7,2.80,72.4,76.5,79.3,8715.2,72.3,84.6,25174.1,22064.0,70.1,55.7,2.2,3047.7,23726.7,2.8
"2009.09",68.8,15.6,105.8,89.9,7915.8,103.5,1565.8,2.82,72.8,78.4,79.8,8647.4,72.6,85.7,25731.1,22072.0,70.3,56.4,2.1,2963.9,23733.3,2.8
"2009.10",69.4,17.3,109.9,91.5,9409.4,102.2,1622.7,2.90,73.1,79.1,80.0,8624.6,73.8,86.2,26168.2,22104.8,70.5,56.8,2.1,3090.2,23759.4,2.9
"2009.11",70.0,22.6,110.0,94.5,11866.8,101.0,1624.5,2.87,73.4,80.0,80.1,8721.0,74.6,87.4,26200.8,22138.7,70.7,57.2,2.0,3097.7,23774.5,2.9
"2009.12",70.3,28.1,110.2,97.1,11851.3,99.9,1620.2,2.84,73.6,80.1,80.3,8505.4,75.1,88.2,26508.0,22147.2,70.8,57.3,1.9,3155.7,23745.4,3.0
"2010.01",70.6,31.3,110.5,99.1,11145.2,99.3,1637.4,2.81,74.0,81.3,80.4,8638.9,75.4,89.0,26647.8,22160.4,71.1,59.0,1.9,3164.4,23716.5,3.0
"2010.02",70.7,24.4,113.1,99.5,8993.7,99.6,1642.6,2.79,74.6,82.4,80.9,8648.2,77.1,89.5,27184.1,22163.7,71.5,61.1,2.0,3262.5,23709.8,3.1
"2010.03",70.7,16.2,114.8,100.7,8167.3,99.3,1648.9,2.69,75.1,83.7,81.3,8742.7,77.6,89.8,27775.3,22221.9,71.8,62.9,2.0,3271.0,23760.2,3.1
"2010.04",70.7,7.6,115.9,104.0,7329.2,99.0,1664.9,2.55,75.5,84.8,81.7,8526.4,77.7,90.9,28108.1,22309.8,72.0,63.9,1.9,3306.7,23864.4,3.0
"2010.05",71.0,4.8,115.8,108.8,8007.0,98.2,1681.4,2.43,76.1,85.9,82.3,8508.5,77.2,91.8,28834.8,22428.9,72.3,64.1,1.8,3430.3,23992.2,2.8
"2010.06",71.2,0.7,115.6,111.4,8347.7,98.1,1690.2,2.42,76.4,86.5,82.4,8464.7,77.6,92.5,29197.1,22470.4,72.6,64.5,1.9,3506.8,24072.6,2.7
"2010.07",71.4,-2.3,115.0,111.8,8880.3,98.1,1690.4,2.35,76.8,87.0,82.5,8570.8,78.2,92.7,29394.3,22508.3,72.8,64.7,1.9,3570.4,24132.2,2.7
"2010.08",71.4,-4.4,114.1,112.8,7505.6,97.3,1728.4,2.22,76.8,87.2,81.9,8462.2,78.6,92.9,29571.8,22492.7,73.0,65.3,1.8,3552.9,24129.9,2.8
"2010.09",71.5,-6.2,113.8,114.1,7618.3,96.1,1769.7,1.96,76.7,87.3,81.4,8277.0,79.0,92.8,29393.2,22493.1,73.2,66.1,1.8,3546.1,24123.1,2.8
"2010.10",71.3,-7.2,112.8,113.5,6086.7,94.5,1822.6,1.68,76.5,87.5,81.4,8014.1,79.1,92.5,29096.6,22490.0,73.4,66.7,1.8,3601.3,24110.2,2.8
"2010.11",71.5,-7.8,112.7,112.7,6460.4,93.3,1876.7,1.57,76.8,88.1,81.5,7892.1,79.6,93.2,29255.9,22521.8,73.6,67.0,1.8,3628.7,24113.8,2.8
"2010.12",71.6,-7.8,111.9,110.4,6076.6,91.9,1939.0,1.53,77.3,89.0,82.0,8010.6,79.9,94.0,29218.2,22597.2,73.9,67.5,1.8,3683.1,24166.0,2.9
"2011.01",72.0,-3.2,111.8,112.7,6639.8,90.6,2006.3,1.61,78.2,90.5,82.7,8073.7,81.8,96.0,29605.7,22644.5,74.2,67.3,1.9,3889.3,24149.7,3.0
"2011.02",72.3,1.4,111.7,113.6,6594.5,89.6,2032.3,1.61,78.2,91.0,82.9,7825.7,81.2,96.2,29872.9,22705.8,74.5,67.1,2.1,3947.2,24202.5,3.1
"2011.03",72.5,4.2,111.0,114.7,6677.9,88.8,2032.4,1.50,78.6,91.8,83.4,7756.5,81.3,96.8,30064.8,22749.9,74.9,67.1,2.3,4102.0,24265.7,3.3
"2011.04",72.5,1.7,111.5,113.0,6979.3,87.8,2052.9,1.32,78.4,91.1,83.4,7628.5,80.2,95.6,30137.1,22815.9,75.3,68.0,2.5,4104.2,24392.3,3.5
"2011.05",72.6,-2.0,110.9,114.0,7142.9,87.2,2092.6,1.08,78.9,91.6,83.8,7800.5,81.4,95.7,30311.9,22875.9,75.8,69.4,2.7,4251.6,24490.7,3.6
"2011.06",72.6,-4.7,110.5,114.7,7487.0,86.5,2116.5,0.92,79.3,91.5,83.9,7876.9,82.0,95.6,30672.3,22959.1,76.1,70.7,2.8,4288.0,24575.0,3.6
"2011.07",72.7,-6.0,108.7,116.5,7059.8,86.2,2115.5,0.79,79.5,91.9,84.3,7804.8,82.0,96.1,30665.0,23010.7,76.5,71.7,2.8,4354.0,24619.3,3.7
"2011.08",72.8,-6.5,106.9,116.3,7766.4,86.0,2031.4,0.64,79.8,92.0,84.9,7747.8,82.0,96.4,31232.2,23057.5,76.8,72.6,2.9,4385.5,24647.7,3.7
"2011.09",72.8,-6.3,106.2,116.6,7453.7,85.8,1936.8,0.50,79.7,91.9,85.0,7559.9,81.9,96.4,31197.2,22984.0,76.9,73.3,2.9,4463.7,24558.6,3.7
"2011.10",72.9,-6.8,105.0,116.7,8030.2,85.8,1828.8,0.38,80.0,92.5,85.1,7798.2,82.0,96.7,31116.3,23020.3,77.1,74.5,2.8,4398.4,24593.8,3.7
"2011.11",72.9,-9.0,104.3,115.2,7468.0,85.3,1825.2,0.31,79.9,92.6,84.9,7767.8,81.7,96.2,31010.7,23038.5,77.3,75.8,2.7,4350.5,24593.5,3.7
"2011.12",72.9,-11.5,102.3,112.8,7583.2,85.0,1849.3,0.29,80.1,92.0,84.5,7939.2,81.8,95.5,30646.2,23160.4,77.6,77.2,2.8,4279.6,24698.1,3.7
"2012.01",73.1,-13.9,101.3,113.4,7894.6,84.5,1871.0,0.25,79.9,91.5,84.3,7619.5,82.6,95.5,30333.6,23193.0,77.7,77.1,2.6,4295.2,24691.0,3.7
"2012.02",73.6,-12.4,101.6,118.4,9580.6,84.2,1919.1,0.26,80.4,92.9,84.8,7595.4,83.1,96.3,30743.5,23244.6,77.8,76.8,2.5,4285.2,24727.0,3.7
"2012.03",73.9,-11.5,103.5,119.5,9157.1,83.7,1972.5,0.33,80.5,93.9,85.4,7337.9,82.8,96.1,30559.5,23300.9,77.9,76.2,2.1,4296.3,24779.3,3.7
"2012.04",74.3,-9.0,106.3,118.7,8766.3,83.6,2007.5,0.38,80.8,94.4,85.7,7378.9,82.1,95.9,30979.9,23355.0,78.0,76.4,1.7,4254.8,24869.5,3.7
"2012.05",74.3,-8.0,106.5,113.1,6963.1,84.0,1968.6,0.35,81.0,94.0,85.6,7398.8,82.6,95.7,31543.9,23411.1,78.1,76.6,1.4,4273.0,24966.9,3.6
"2012.06",74.5,-5.0,104.8,111.3,7706.4,85.3,1910.3,0.26,81.1,93.8,85.7,7259.2,83.2,96.2,31381.3,23442.2,78.3,76.3,1.3,4325.5,25021.6,3.6
"2012.07",74.5,-3.3,100.5,109.0,7804.1,86.1,1853.9,0.14,81.5,93.2,86.0,7375.8,83.9,96.4,31899.1,23472.3,78.5,75.7,1.2,4420.7,25047.6,3.5
"2012.08",74.5,-4.2,96.9,106.6,7549.5,86.2,1864.8,0.04,81.1,91.8,86.2,7277.7,83.4,95.2,31451.8,23470.4,78.6,76.0,1.2,4372.3,25020.9,3.4
"2012.09",74.5,-3.7,94.6,104.5,6580.9,85.4,1902.3,-0.04,81.2,91.4,86.5,7430.3,83.4,94.9,31156.0,23480.3,78.8,76.1,1.2,4417.2,25025.0,3.3
"2012.10",74.7,-3.1,93.1,104.3,6010.0,85.1,1940.8,-0.04,81.3,92.0,86.4,7420.0,83.1,94.6,31020.1,23494.8,79.0,76.7,1.3,4411.5,25033.3,3.2
"2012.11",75.0,-0.7,91.8,104.0,5898.6,85.4,1936.1,0.02,81.7,93.3,86.1,7607.3,83.7,95.5,31076.5,23488.1,79.2,77.2,1.3,4484.8,25027.0,3.1
"2012.12",75.3,-0.2,91.1,104.6,5731.9,85.9,1940.2,0.13,82.1,94.3,85.7,7728.8,83.9,96.4,31604.9,23473.5,79.4,79.3,1.3,4506.5,24986.6,3.0
"2013.01",75.4,-1.5,92.1,102.3,5315.3,86.2,1954.9,0.15,82.3,95.0,85.8,7725.1,84.0,96.4,31945.5,23471.2,79.7,81.2,1.3,4551.2,24951.3,3.0
"2013.02",75.7,-3.9,93.9,101.1,5487.3,86.4,1979.9,0.14,82.4,94.8,86.4,7758.3,84.0,96.1,32065.6,23473.8,79.9,81.6,1.4,4616.2,24928.9,3.0
"2013.03",75.9,-5.4,96.3,100.2,5617.8,86.9,1985.4,0.04,82.4,94.3,86.8,7728.2,83.6,94.6,32255.1,23508.9,80.1,81.0,1.6,4585.2,24965.7,2.9
"2013.04",76.1,-5.3,97.5,98.9,5900.8,87.3,1969.7,-0.03,82.6,93.6,87.2,8001.5,83.5,93.7,32389.5,23570.0,80.3,79.9,1.7,4611.2,25057.1,2.9
"2013.05",76.4,-4.0,97.8,98.5,5686.3,88.0,1967.9,-0.01,82.8,93.3,87.1,8148.0,83.5,93.1,32229.8,23657.9,80.6,79.4,1.7,4613.6,25175.7,2.8
"2013.06",76.8,-3.8,97.1,100.2,5674.1,88.6,1932.6,0.20,83.2,93.4,87.4,8279.6,83.8,93.8,32356.0,23732.9,80.8,78.8,1.7,4640.3,25270.2,2.8
"2013.07",77.2,-5.0,96.4,101.1,5900.5,88.9,1910.2,0.47,83.4,93.0,87.2,8257.6,84.4,94.4,32378.3,23761.2,80.9,79.2,1.6,4636.9,25307.0,2.8
"2013.08",77.5,-3.0,95.7,101.8,5730.7,88.6,1884.4,0.68,83.6,93.1,87.4,8246.6,84.5,95.7,32119.3,23795.8,81.1,79.7,1.6,4626.5,25343.2,2.7
"2013.09",77.7,-5.0,95.7,100.2,6030.2,88.2,1917.7,0.71,83.8,92.6,87.5,8293.0,84.4,95.5,32304.4,23838.9,81.4,81.0,1.5,4666.7,25399.0,2.7
"2013.10",78.0,-5.3,96.3,101.8,6495.3,87.9,1970.4,0.67,84.3,93.5,87.9,8389.1,84.1,96.5,32702.5,23907.9,81.7,82.0,1.5,4733.5,25466.7,2.7
"2013.11",78.3,-7.8,97.2,102.6,6962.8,88.0,2008.0,0.66,84.5,93.7,87.8,8539.2,84.3,95.9,32647.7,23998.4,82.1,83.4,1.4,4833.1,25538.2,2.8
"2013.12",78.7,-6.0,97.7,103.7,7128.3,87.8,2009.3,0.71,84.9,94.8,87.7,8481.2,84.5,97.1,32912.5,24059.1,82.3,84.4,1.3,4848.0,25554.0,2.8
"2014.01",78.9,-4.3,98.6,101.9,7002.4,87.7,1982.1,0.77,85.3,95.1,88.1,8476.9,85.6,97.0,33217.8,24142.9,82.5,84.7,1.3,4746.2,25618.1,2.8
"2014.02",79.2,-2.9,100.1,101.9,7479.8,87.5,1958.1,0.74,85.6,95.5,88.6,8310.4,85.6,97.0,33353.5,24223.6,82.7,84.4,1.2,4835.9,25694.5,2.8
"2014.03",79.4,-2.6,101.1,101.3,6819.6,87.6,1946.1,0.71,85.9,95.8,89.4,8233.8,85.7,96.6,33844.7,24302.8,83.0,84.0,1.3,4948.3,25771.0,2.8
"2014.04",79.6,-3.7,101.8,101.2,7046.5,87.5,1960.4,0.68,86.0,95.9,89.3,8240.2,84.6,96.2,34262.6,24357.0,83.4,84.5,1.4,5129.9,25827.0,2.8
"2014.05",79.7,-5.2,101.2,100.5,6506.7,87.5,1979.2,0.65,85.9,95.2,89.2,8275.7,84.8,96.0,33983.9,24342.1,83.6,84.7,1.6,5038.0,25812.4,2.8
"2014.06",79.9,-6.3,100.0,100.2,7365.3,87.5,1993.5,0.59,86.1,95.0,89.4,8368.1,85.0,96.3,33908.1,24351.4,83.7,84.7,1.6,4990.9,25830.5,2.8
"2014.07",80.1,-5.6,97.7,101.2,7266.1,87.7,2003.7,0.45,86.3,95.0,89.9,8228.2,85.8,96.7,33845.5,24379.5,83.9,84.7,1.7,5006.0,25839.7,2.7
"2014.08",80.5,-5.6,96.7,101.1,8429.0,88.3,2026.0,0.40,86.6,94.8,90.4,8213.0,86.3,96.5,33778.2,24482.2,84.2,84.8,1.7,5129.0,25923.9,2.7
"2014.09",80.8,-4.8,97.7,101.6,8640.2,89.1,2041.9,0.38,86.6,93.6,90.5,8103.3,86.1,95.5,34490.4,24541.4,84.5,85.2,1.7,5304.3,25981.5,2.6
"2014.10",81.1,-5.3,97.7,101.4,8734.1,90.2,2015.5,0.40,86.5,92.3,90.9,8091.0,85.6,94.4,34770.2,24570.3,84.7,85.2,1.7,5341.8,26003.3,2.4
"2014.11",81.4,-3.2,97.6,103.3,7288.2,91.7,1981.7,0.38,86.6,92.3,91.0,8028.5,85.1,94.4,35202.0,24579.1,84.9,85.3,1.7,5347.9,26012.0,2.3
"2014.12",81.7,-1.1,96.3,102.2,6794.1,93.7,1948.1,0.35,87.2,93.2,90.9,8022.3,86.3,95.1,36106.0,24602.4,84.9,84.6,1.6,5268.2,26002.7,2.3
"2015.01",82.2,0.6,97.0,101.4,7709.6,96.3,1940.9,0.29,87.5,93.5,90.8,8102.9,86.9,95.1,36392.4,24640.7,85.1,83.9,1.6,5323.7,26031.8,2.3
"2015.02",82.5,-0.2,98.8,99.8,8389.7,97.8,1941.3,0.22,88.1,94.1,91.0,8278.4,88.1,95.7,36485.2,24690.8,85.4,83.9,1.6,5482.5,26069.8,2.3
"2015.03",82.9,-2.2,100.3,100.2,10340.8,98.6,1964.9,0.15,88.1,93.7,91.8,8258.4,87.7,94.8,36373.0,24720.5,85.7,84.4,1.7,5558.4,26101.9,2.2
"2015.04",83.3,-2.8,102.0,101.1,10031.0,98.5,2027.0,0.14,88.3,94.1,92.2,8168.0,88.4,95.5,35853.7,24731.7,85.9,85.5,1.7,5536.7,26102.1,2.0
"2015.05",83.7,-3.0,101.7,100.0,11749.7,98.8,2078.3,0.22,88.0,93.2,92.2,8066.9,88.1,94.9,35566.6,24723.8,86.0,86.2,1.6,5442.9,26081.5,1.9
"2015.06",83.9,-4.4,98.6,100.0,11189.4,99.2,2095.3,0.32,88.2,93.2,92.1,8226.4,87.6,95.6,35462.9,24743.7,86.2,87.6,1.6,5422.2,26091.2,1.8
"2015.07",84.1,-5.6,96.0,99.9,11242.1,99.6,2078.9,0.47,88.5,92.7,92.3,8326.9,87.2,95.7,35956.4,24782.5,86.5,88.6,1.8,5442.0,26126.2,1.8
"2015.08",84.4,-6.3,94.3,103.4,10458.5,100.5,2024.8,0.50,89.2,93.7,92.8,8510.7,87.0,97.6,36527.8,24827.0,86.8,90.0,1.9,5565.9,26158.8,1.7
"2015.09",84.9,-4.7,95.9,104.7,13341.3,101.1,1983.4,0.47,90.0,94.5,93.3,8806.6,88.2,98.9,36990.5,24884.8,87.1,90.6,2.0,5574.4,26216.0,1.7
"2015.10",85.2,-2.8,96.5,105.0,13650.7,101.1,1970.9,0.38,90.7,95.4,93.6,8932.3,89.6,99.7,37368.0,24927.3,87.4,90.8,2.0,5686.3,26244.9,1.7
"2015.11",85.4,-2.6,96.5,103.1,14363.3,101.0,1989.0,0.38,90.8,95.3,93.6,8892.9,90.4,99.2,37228.0,24963.9,87.6,90.3,2.0,5576.4,26263.6,1.7
"2015.12",85.4,-3.8,95.6,100.8,10451.7,101.4,1999.6,0.39,90.9,94.5,94.1,8894.1,91.1,98.9,36927.1,25005.1,87.8,89.3,2.1,5681.5,26304.2,1.8
"2016.01",85.5,-6.8,94.4,97.5,10620.6,102.7,1957.7,0.39,90.8,93.9,94.0,8986.9,91.1,98.3,36350.7,25029.1,88.1,89.7,2.2,5690.4,26327.7,1.8
"2016.02",85.5,-8.6,93.0,94.2,11050.0,103.5,1922.3,0.27,91.0,94.1,94.3,9126.4,91.1,97.8,36159.3,25028.9,88.4,90.7,2.3,5728.2,26341.3,1.8
"2016.03",85.8,-8.3,93.1,94.8,12415.2,103.4,1923.9,0.17,91.0,94.9,94.2,9175.4,91.2,97.9,35837.7,24988.6,88.6,92.2,2.4,5638.8,26300.2,1.8
"2016.04",86.1,-6.7,94.2,95.1,12677.6,102.3,1957.8,0.10,91.2,95.1,94.6,9251.1,91.1,98.1,35554.6,24968.2,88.8,92.1,2.4,5617.2,26272.6,1.7
"2016.05",86.4,-3.7,95.1,98.0,11367.6,101.1,1979.8,0.09,91.7,95.8,94.7,9412.4,92.0,98.6,36015.7,24988.9,89.0,91.7,2.4,5691.0,26272.7,1.7
"2016.06",86.7,-1.5,95.3,98.5,10854.0,100.2,1980.0,0.09,92.1,96.0,95.2,9583.3,92.5,98.7,36073.5,25057.4,89.2,90.9,2.4,5802.8,26310.9,1.6
"2016.07",87.1,0.8,95.0,100.6,11755.5,99.9,1982.1,0.07,92.6,96.5,95.6,9791.0,92.4,99.1,36116.7,25127.1,89.3,90.4,2.3,5688.9,26363.1,1.6
"2016.08",87.5,1.0,95.9,101.5,13300.0,99.9,2005.4,0.06,92.9,95.7,96.0,9992.3,92.3,99.2,36484.1,25197.4,89.5,89.7,2.3,5679.9,26436.5,1.5
"2016.09",87.9,0.9,96.9,103.7,13768.5,100.3,2027.3,0.05,93.0,95.2,96.3,10093.7,91.1,99.6,36407.0,25219.8,89.6,89.5,2.2,5663.1,26468.0,1.5
"2016.10",88.3,-0.1,96.9,106.4,13969.5,100.2,2038.4,0.11,93.1,94.6,96.1,10237.5,91.8,99.3,36149.3,25237.8,89.9,89.1,2.2,5817.4,26497.3,1.5
"2016.11",88.7,1.5,96.2,108.7,13013.5,100.5,2020.1,0.27,93.6,96.0,95.7,10459.7,91.8,100.7,36744.4,25234.5,90.1,88.9,2.1,5860.0,26505.3,1.5
"2016.12",89.1,3.7,95.1,111.3,12609.0,100.2,2013.2,0.45,94.0,96.8,95.6,10574.8,93.1,101.5,36354.6,25274.5,90.3,87.6,2.1,5883.2,26559.6,1.6
"2017.01",89.5,7.2,95.0,112.7,11108.8,100.0,2021.7,0.58,94.6,98.8,96.0,10634.4,92.9,103.2,36572.0,25294.4,90.5,86.7,2.1,5895.2,26584.5,1.6
"2017.02",90.0,8.8,95.8,113.1,13251.6,99.6,2055.4,0.62,94.9,98.8,96.3,10679.5,93.4,102.1,37173.5,25335.8,90.7,86.1,2.2,5926.8,26621.7,1.7
"2017.03",90.4,9.3,97.8,113.4,12355.5,99.7,2093.6,0.63,95.3,99.9,96.5,10897.4,93.0,101.7,37812.3,25373.2,91.0,86.6,2.2,6032.0,26648.5,1.7
"2017.04",90.8,7.5,99.1,113.1,13839.0,100.3,2126.4,0.65,95.6,99.5,96.6,11076.7,93.3,100.8,38385.1,25415.8,91.3,87.6,2.2,6113.8,26685.2,1.6
"2017.05",91.0,4.3,100.1,113.9,11615.6,100.8,2199.4,0.66,95.9,99.6,97.0,11126.6,93.0,101.4,39159.6,25435.5,91.6,89.1,2.1,6088.2,26695.2,1.6
"2017.06",91.5,2.2,100.0,115.1,12542.3,101.3,2278.1,0.64,96.1,98.5,97.2,11031.1,93.5,101.6,40057.4,25426.5,91.8,89.7,2.0,6107.4,26684.9,1.6
"2017.07",91.8,1.0,99.8,116.5,10855.0,101.9,2362.3,0.67,96.3,98.3,97.5,11084.1,93.5,102.2,39586.9,25445.0,92.0,89.8,1.9,6261.5,26699.4,1.6
"2017.08",92.2,1.5,99.7,117.0,11537.1,102.1,2385.8,0.69,96.5,97.8,97.9,11050.9,93.4,102.8,40085.4,25445.3,92.3,89.5,1.9,6517.6,26710.8,1.6
"2017.09",92.4,1.8,99.4,115.2,11584.3,101.8,2385.6,0.73,96.9,98.3,98.4,11203.7,93.8,103.2,39803.6,25471.7,92.6,89.8,1.9,6565.0,26744.5,1.6
"2017.10",92.8,1.3,100.3,113.9,12222.3,101.2,2409.0,0.84,97.0,98.5,98.5,11238.9,94.1,103.7,39484.9,25476.3,92.8,90.9,1.9,6408.5,26762.7,1.6
"2017.11",93.0,-0.3,101.0,111.6,11237.1,100.5,2462.7,0.95,97.4,99.0,98.3,11233.2,95.7,103.9,39614.2,25496.4,93.0,91.5,1.9,6326.5,26786.4,1.6
"2017.12",93.1,-5.4,101.9,109.5,11576.2,99.8,2494.7,0.97,97.2,98.4,98.0,11119.1,95.8,102.8,39555.3,25507.2,93.3,92.7,1.8,6368.1,26821.9,1.7
"2018.01",93.4,-8.5,101.0,112.7,13370.6,98.7,2507.4,0.95,97.6,98.4,98.3,11292.0,96.8,102.1,39739.0,25530.4,93.6,93.1,1.6,6567.7,26866.8,1.8
"2018.02",93.6,-10.6,100.7,114.1,14162.4,98.4,2475.9,0.93,97.8,98.6,98.8,11339.6,96.9,101.5,40390.3,25515.0,93.9,93.5,1.5,6693.5,26851.2,1.8
"2018.03",93.9,-10.8,99.4,115.3,14009.7,97.6,2470.5,1.00,98.0,99.0,99.1,11169.6,98.1,101.1,40392.8,25511.0,94.1,94.0,1.5,6742.0,26824.9,1.8
"2018.04",93.8,-10.5,99.5,111.6,11250.7,96.9,2449.6,1.01,98.1,99.8,99.5,10900.0,98.6,101.1,40414.9,25491.2,94.4,94.7,1.7,6736.8,26791.7,1.8
"2018.05",94.1,-7.7,99.7,111.9,11474.2,95.6,2457.0,1.00,98.2,100.4,99.5,10809.8,98.4,101.6,40520.2,25488.7,94.6,95.2,1.7,6717.1,26798.2,1.8
"2018.06",94.3,-5.7,100.5,110.4,11002.7,94.8,2438.0,0.98,98.5,101.3,99.8,10819.0,98.0,102.9,40182.1,25472.0,94.9,95.6,1.8,6833.9,26791.7,1.8
"2018.07",94.5,-4.8,99.1,110.7,11979.6,94.7,2380.0,0.94,98.5,101.4,100.0,10735.5,98.0,103.1,40308.5,25447.0,95.1,95.3,1.7,6902.8,26769.2,1.8
"2018.08",94.4,-5.5,97.4,107.9,10543.8,95.0,2320.9,0.85,98.6,101.4,100.1,10658.4,98.2,103.5,40155.9,25419.4,95.2,95.5,1.6,6862.9,26753.9,1.8
"2018.09",94.6,-5.0,97.0,106.5,10932.0,94.9,2291.8,0.73,98.4,100.9,100.3,10552.8,97.7,103.4,39557.8,25424.3,95.4,95.3,1.5,6732.9,26767.0,1.8
"2018.10",94.7,-4.1,96.8,104.8,10363.1,94.2,2248.2,0.66,98.5,101.1,100.6,10375.4,97.5,103.9,39490.9,25445.5,95.7,96.1,1.6,6950.5,26800.6,1.8
"2018.11",94.7,-6.0,96.0,103.4,10918.4,93.9,2181.4,0.59,98.6,100.4,100.4,10140.8,97.7,103.4,40072.8,25515.5,96.1,97.2,1.6,6997.9,26877.6,1.8
"2018.12",94.7,-6.6,94.4,101.0,11294.5,94.4,2102.3,0.43,98.6,99.8,100.2,10063.0,98.5,103.0,40367.4,25515.6,96.5,98.7,1.6,7185.8,26908.1,1.9
"2019.01",94.8,-6.7,93.4,99.0,11876.8,94.9,2085.1,0.26,99.0,98.7,100.2,10321.0,99.8,103.3,40827.6,25516.3,96.7,98.8,1.5,7175.7,26936.4,1.9
"2019.02",95.0,-5.7,94.4,96.1,11764.3,94.3,2127.4,0.12,98.7,97.3,100.3,10408.0,99.0,101.9,40161.1,25530.8,96.9,98.2,1.4,7026.7,26953.3,2.0
"2019.03",95.3,-3.4,95.1,96.1,13069.7,92.9,2158.0,0.11,98.8,97.3,100.5,10491.5,99.8,101.5,39162.4,25597.3,97.0,96.9,1.3,7097.4,26997.0,2.0
"2019.04",95.5,-3.8,96.9,95.2,12948.9,91.6,2194.7,0.07,98.8,97.9,100.7,10259.3,99.1,100.7,39202.1,25654.9,97.2,97.5,1.1,7044.4,27019.1,2.0
"2019.05",95.6,-4.9,95.8,95.3,12502.2,90.9,2153.6,0.02,99.3,99.3,101.3,10349.0,100.4,100.9,39070.3,25675.0,97.5,98.4,0.9,7351.6,27026.6,2.0
"2019.06",95.6,-6.6,95.3,94.7,10459.2,91.2,2134.8,-0.08,99.5,99.8,101.2,10412.9,99.6,101.1,39466.7,25684.6,97.7,99.2,0.9,7198.1,27033.4,2.0
"2019.07",95.7,-7.2,93.4,94.4,9471.9,91.4,2090.6,-0.16,99.7,100.1,101.3,10406.2,99.2,101.1,39889.6,25687.8,97.9,99.9,0.9,7199.0,27050.9,1.9
"2019.08",95.9,-5.7,92.4,94.6,9275.1,91.7,2043.0,-0.25,100.0,100.0,101.6,10361.8,99.8,102.0,39848.0,25711.5,98.2,99.8,1.0,7232.2,27095.8,1.8
"2019.09",96.3,-5.9,92.1,95.8,11000.5,91.4,2023.0,-0.23,100.2,100.9,102.1,10236.1,100.0,102.6,39719.3,25729.4,98.5,100.7,0.9,7400.6,27131.6,1.8
"2019.10",96.9,-5.7,92.6,98.7,13050.0,91.5,2018.4,-0.13,100.5,101.0,102.4,10239.5,100.5,102.4,39566.2,25785.8,98.7,100.8,0.8,7354.9,27202.8,1.7
"2019.11",97.5,-4.8,93.5,99.1,14390.2,91.0,2079.9,0.08,100.5,101.7,102.4,10070.9,100.7,102.0,39274.7,25825.3,98.8,101.1,0.6,7144.8,27241.3,1.7
"2019.12",98.0,-0.2,93.9,101.1,14361.3,90.5,2113.9,0.20,101.1,102.4,102.8,10187.4,102.2,102.3,39331.1,25895.3,99.1,99.8,0.7,7242.2,27329.5,1.7
"2020.01",98.3,-0.1,95.3,99.4,13293.8,89.9,2159.7,0.24,101.4,102.0,104.0,10314.1,101.8,101.8,39646.0,25950.6,99.3,99.8,0.6,7139.1,27413.1,1.7
"2020.02",98.6,-1.1,93.8,100.4,14043.3,90.4,2172.5,0.18,101.0,100.5,104.1,10500.8,99.9,99.1,39397.4,26010.4,99.5,100.0,0.5,7091.3,27487.4,1.7
"2020.03",98.5,-4.4,85.1,98.9,12855.2,92.3,2052.4,0.21,100.1,99.9,102.0,10511.9,96.6,97.6,40522.5,25802.5,99.4,100.7,0.3,6882.4,27287.2,1.7
"2020.04",98.5,-4.6,73.2,99.3,11860.1,95.4,1934.5,0.31,99.2,99.2,98.7,10388.5,96.2,96.9,41769.3,25505.1,99.4,100.8,0.2,6897.0,26958.7,1.8
"2020.05",98.5,-7.3,64.5,97.8,11515.4,96.7,1867.2,0.41,98.3,97.2,96.9,10278.2,97.7,96.2,41377.0,25229.3,99.5,101.2,0.2,7086.1,26673.1,1.9
"2020.06",99.0,-8.8,64.3,97.3,13600.2,96.2,1983.2,0.53,98.5,95.4,97.5,10131.2,100.9,95.7,41429.1,25213.0,99.8,101.8,0.2,7146.4,26634.0,1.9
"2020.07",99.6,-8.1,69.4,96.9,15873.7,94.8,2098.6,0.56,98.8,95.2,98.9,10096.0,101.4,95.7,40530.1,25295.1,100.0,101.5,0.2,7140.5,26720.5,1.7
"2020.08",100.4,-5.7,75.9,97.6,16087.9,94.8,2226.9,0.62,99.3,98.0,99.7,9950.8,101.4,98.1,39029.6,25378.2,100.2,101.4,0.2,7237.6,26801.3,1.5
"2020.09",101.1,-2.9,78.9,99.1,15003.2,95.8,2305.8,0.64,100.0,100.4,99.8,9955.6,101.2,99.8,39737.6,25402.5,100.5,100.9,0.3,7300.8,26823.7,1.4
"2020.10",101.8,0.0,82.8,99.9,14826.3,96.4,2359.7,0.66,100.6,102.4,99.8,9839.8,101.9,101.3,40480.5,25413.6,100.6,100.1,0.1,7627.6,26842.9,1.3
"2020.11",102.6,4.9,85.6,102.7,15745.9,96.5,2411.2,0.74,101.3,104.0,100.4,9989.0,101.8,102.5,41000.0,25447.2,100.8,97.9,0.2,7771.2,26881.7,1.1
"2020.12",103.1,4.4,88.4,104.4,16181.8,95.9,2539.3,0.77,101.5,104.3,100.7,9956.7,101.2,102.5,41519.4,25423.6,101.1,96.7,0.2,7961.4,26886.8,1.1
"2021.01",103.8,6.0,89.8,105.8,16506.8,94.8,2783.1,0.82,101.3,104.9,100.3,9846.8,102.0,101.8,41575.4,25303.0,101.4,96.2,0.8,7958.3,26772.2,1.1
"2021.02",104.3,7.8,91.4,106.4,16202.4,93.6,2979.2,0.83,101.6,106.5,100.4,9734.4,102.3,101.9,42110.0,25294.3,101.7,96.6,1.0,8066.9,26774.1,1.0
"2021.03",104.9,9.7,96.7,106.0,15947.1,92.9,3071.4,0.92,102.3,107.4,101.8,9647.4,103.3,101.6,42619.3,25426.2,102.2,96.6,1.3,8204.4,26889.9,1.0
"2021.04",105.6,11.1,100.9,107.3,15833.5,93.6,3096.7,1.01,103.4,107.7,103.5,9623.5,104.1,101.9,43642.5,25673.0,102.7,96.4,1.5,8396.6,27118.2,1.0
"2021.05",106.3,14.3,104.0,108.8,15436.1,94.2,3122.3,1.11,103.7,106.7,104.5,9481.7,105.1,101.2,44257.0,25766.9,103.2,96.1,1.7,8577.5,27200.8,1.0
"2021.06",106.9,16.5,106.7,109.8,15095.3,94.2,3197.8,1.15,103.8,106.3,104.9,9307.0,105.8,101.0,44045.5,25819.1,103.4,95.6,1.8,8580.1,27248.7,1.0
"2021.07",107.1,15.2,106.2,109.4,14709.3,93.4,3227.6,1.17,104.0,106.6,104.9,9216.3,106.3,100.7,44001.5,25857.6,103.7,95.9,1.9,8541.9,27295.6,1.0
"2021.08",107.2,9.0,106.2,108.7,15018.9,92.9,3232.1,1.15,104.1,107.5,104.8,9213.7,106.6,100.4,43601.4,25895.3,104.1,97.8,1.9,8319.2,27341.7,1.0
"2021.09",107.1,2.4,104.5,108.3,14755.7,92.7,3192.9,1.09,104.3,107.8,105.0,9265.1,107.1,99.6,43517.6,25950.3,104.5,101.3,2.0,8268.3,27395.5,1.0
"2021.10",107.1,-4.0,105.1,106.6,15028.2,91.5,3104.7,1.17,104.8,108.4,105.8,9356.3,107.5,99.3,43971.3,25995.5,105.2,104.8,2.5,8242.5,27451.3,1.1
"2021.11",107.1,-8.8,105.5,105.4,14350.9,90.3,3032.0,1.27,105.3,108.8,107.3,9284.0,107.4,99.5,44492.7,26042.0,105.7,106.4,2.6,8496.3,27503.5,1.2
"2021.12",107.3,-9.7,105.5,105.6,14453.0,89.6,2980.9,1.25,106.2,111.1,108.2,9517.0,107.3,101.0,45328.6,26054.5,106.3,107.8,2.8,8718.6,27549.2,1.4
"2022.01",107.6,-8.6,105.5,108.4,15077.3,89.0,2939.5,1.15,107.0,113.2,108.9,9711.2,106.5,101.9,46175.4,26081.9,106.7,107.3,2.6,9063.1,27605.5,1.5
"2022.02",107.7,-8.3,105.3,107.9,15450.1,87.6,2859.4,1.11,107.4,114.2,108.5,9767.5,106.2,102.0,46418.2,26240.0,107.2,107.5,2.8,9266.9,27776.1,1.6
"2022.03",107.8,-8.3,105.0,107.1,16478.9,85.7,2762.8,1.24,107.6,114.4,108.9,9538.4,106.0,101.5,46477.6,26389.0,107.7,106.8,3.0,9342.1,27907.1,1.6
"2022.04",107.9,-10.0,105.0,102.5,15602.3,85.2,2708.6,1.49,107.5,113.4,110.0,9263.6,106.1,100.0,45613.2,26543.9,108.1,107.3,3.1,9346.7,28038.1,1.7
"2022.05",108.4,-10.2,105.4,103.1,15888.5,85.2,2676.7,1.64,107.8,112.8,111.7,9430.6,106.3,99.3,45202.4,26566.3,108.5,107.2,3.2,9447.1,28076.4,1.8
"2022.06",108.8,-13.4,105.1,104.0,16803.1,85.7,2602.2,1.82,108.0,112.2,112.9,9503.2,105.6,98.9,45393.2,26598.7,109.1,109.2,3.5,9411.7,28123.0,2.0
"2022.07",108.9,-15.1,102.4,107.2,17798.0,85.7,2488.7,1.65,108.5,111.9,113.5,9573.0,105.3,99.6,46295.0,26612.2,109.7,111.1,3.8,9562.5,28153.0,2.3
"2022.08",109.0,-14.9,99.9,111.0,17730.3,85.7,2439.1,1.43,109.0,111.1,114.1,9554.8,106.1,100.4,47936.0,26621.6,110.3,112.8,4.0,9792.4,28156.7,2.6
"2022.09",109.4,-10.2,98.4,113.4,17714.9,85.5,2392.1,1.26,109.2,109.2,114.8,9598.9,106.2,99.9,48942.9,26633.4,110.8,112.4,4.1,10087.0,28167.7,2.9
"2022.10",109.7,-6.2,97.6,116.4,14760.5,85.2,2347.9,1.26,109.4,106.8,115.2,9848.4,106.8,99.0,49383.7,26647.0,111.3,111.9,4.2,10087.6,28173.9,3.4
"2022.11",109.7,-7.5,94.9,116.9,13474.2,85.0,2327.3,1.20,108.9,105.0,115.0,9992.4,105.2,97.9,48857.7,26642.8,111.8,112.9,4.2,9815.4,28167.8,4.2
"2022.12",109.5,-10.4,92.7,116.6,10641.6,85.2,2336.4,0.84,108.4,102.5,115.4,10068.1,104.7,96.9,47519.5,26628.1,112.4,113.7,4.1,9591.3,28153.5,4.9
"2023.01",109.4,-15.4,90.9,110.9,13880.2,85.1,2380.4,0.45,108.2,101.7,115.3,10155.9,103.3,96.7,46853.0,26601.0,112.8,115.7,4.0,9580.1,28127.8,5.2
"2023.02",109.3,-16.2,91.1,107.4,14559.1,84.6,2391.3,0.18,108.7,100.3,116.4,10387.4,104.6,96.7,47082.3,26696.0,112.9,116.8,3.9,9586.4,28197.9,4.9
"2023.03",109.4,-16.5,91.1,102.9,13946.3,84.4,2410.1,0.07,109.5,101.6,116.7,10530.3,105.8,97.1,47187.7,26815.7,113.1,117.9,3.8,9668.3,28312.5,4.4
"2023.04",109.4,-16.8,92.3,101.3,10440.7,84.5,2463.7,-0.05,110.0,102.0,117.6,10542.9,106.6,96.4,47099.3,26928.9,113.4,120.1,3.9,9575.2,28420.3,4.1
"2023.05",109.8,-17.2,93.2,99.9,10466.3,85.3,2488.4,-0.15,110.3,104.4,117.1,10460.0,105.9,96.7,47767.2,26948.0,113.7,122.2,3.8,9376.7,28466.5,4.0
"2023.06 p)",110.5,-13.0,94.6,99.0,11826.5,86.0,2548.9,-0.16,110.3,104.7,116.9,10449.7,105.5,96.8,47567.9,26946.1,113.9,122.2,3.6,9554.3,28465.4,4.0
"2023.07 p)",111.1,-9.7,94.7,99.4,12164.4,86.6,2572.6,-0.04,110.0,104.5,116.8,10424.8,104.9,97.0,46111.8,26930.2,113.8,120.6,3.3,9348.5,28447.9,4.0
"2023.08 p)",111.4,-8.0,94.6,99.1,9575.8,86.7,2585.1,0.12,110.1,105.1,117.4,10526.9,104.0,96.7,45625.2,26915.3,113.9,120.3,3.1,9242.2,28425.6,4.0
